bin__tipo_laboral_Independiente,poly__tipo_credito_4,poly__tipo_credito_6,poly__tipo_credito_9,poly__tipo_credito_10,num__capital_prestado,num__edad_cliente,num__salario_cliente,num__total_otros_prestamos,num__cuota_pactada,num__puntaje_datacredito,num__cant_creditosvigentes,num__huella_consulta,num__saldo_mora,num__saldo_principal,num__creditos_sectorCooperativo,num__creditos_sectorReal,prediction
1.0,0.0,0.0,1.0,0.0,0.0075503564965808,0.7200000000000001,0.0002272727272727,0.0002946516918542,0.010244916167652,0.7892644135188867,0.1774193548387097,0.0689655172413793,0.0,0.0814646495357761,0.0,0.08,1
0.0,1.0,0.0,0.0,0.0,0.1543631684672344,0.56,0.0002050909090909,0.0002379312411722,0.0676546242256396,0.8419483101391649,0.1451612903225806,0.1034482758620689,0.0,0.0693228188198696,0.0,0.0,1
1.0,1.0,0.0,0.0,0.0,0.0230745904537673,0.1999999999999999,0.0001272727272727,0.0001915235997052,0.0207788002978268,0.709741550695825,0.1451612903225806,0.3793103448275862,0.0,0.0309188144288654,0.0,0.12,0
1.0,1.0,0.0,0.0,0.0,0.0788625243356606,0.6,5e-05,4.419775377813327e-05,0.0687192707882919,0.8270377733598409,0.064516129032258,0.1034482758620689,0.0,0.0002496343496865,0.0,0.12,1
0.0,1.0,0.0,0.0,0.0,0.1110851676123646,0.54,0.00014,0.0004315174027205,0.1900156823124186,0.8170974155069582,0.0967741935483871,0.1034482758620689,0.0,0.0791769747517258,0.2307692307692307,0.04,1
0.0,1.0,0.0,0.0,0.0,0.0807990666415786,0.28,0.0002777454545454,0.0003845204578697,0.1397112640555493,0.8667992047713717,0.0967741935483871,0.1034482758620689,0.0,0.1338443369807685,0.0,0.04,1
0.0,0.0,0.0,1.0,0.0,0.0693586554862584,0.4599999999999999,0.000140909090909,0.0002946516918542,0.065459153218407,0.8240556660039761,0.0967741935483871,0.1379310344827586,0.0,0.0313182293883638,0.0,0.08,1
0.0,0.0,0.0,1.0,0.0,0.0542518671578886,0.14,4.545454545454545e-05,5.893033837084436e-05,0.051640895083537,0.7703777335984096,0.0,0.1034482758620689,0.0,0.0092441519953145,0.0,0.0,0
0.0,1.0,0.0,0.0,0.0,0.0043418200898133,0.32,0.0001818181818181,0.0002946516918542,0.0147547674440678,0.8499005964214711,0.032258064516129,0.0689655172413793,0.0,0.008221931337752,0.0,0.0,1
1.0,0.0,0.0,1.0,0.0,0.0180377870661604,0.4,0.0002272727272727,0.000373912996963,0.0191565193914376,0.8041749502982107,0.0806451612903225,0.2413793103448275,0.0,0.1018316120298153,0.0,0.08,0
1.0,1.0,0.0,0.0,0.0,0.0148904129282665,0.06,4.545454545454545e-05,5.893033837084436e-05,0.0317783025135994,0.7504970178926441,0.032258064516129,0.1379310344827586,0.0,3.264449188208298e-05,0.0,0.08,0
0.0,1.0,0.0,0.0,0.0,0.0893775275804153,0.26,0.0001590909090909,0.0002209887688906,0.0773097399077411,0.7852882703777335,0.0967741935483871,0.1724137931034483,0.0,0.0161193380209116,0.0,0.0,0
1.0,1.0,0.0,0.0,0.0,0.0204458396425786,0.38,0.0001727272727272,0.0002651865226687,0.0410748448115486,0.7157057654075546,0.1935483870967742,0.1379310344827586,0.0,0.0144627900799149,0.0769230769230769,0.4,1
1.0,1.0,0.0,0.0,0.0,0.0292083423465409,0.7000000000000001,0.0001818181818181,4.419775377813327e-05,0.0259607130126281,0.7664015904572564,0.0806451612903225,0.1034482758620689,0.0,0.0021775796349577,0.0,0.08,0
0.0,1.0,0.0,0.0,0.0,0.059555810044597,0.42,4.902231818181818e-05,8.839550755626654e-05,0.0264840719593504,0.7594433399602385,0.0483870967741935,0.2068965517241379,0.0,0.0024668994453636,0.0,0.04,0
1.0,1.0,0.0,0.0,0.0,0.0444142053721502,0.62,0.0001454545454545,0.0001546921382234,0.039016211735474,0.7902584493041749,0.064516129032258,0.0344827586206896,0.0,0.0020085963828622,0.0,0.04,1
1.0,0.0,0.0,1.0,0.0,0.0160025497714534,0.0399999999999999,5.454545454545455e-05,0.0001031280921489,0.0164991214952088,0.6908548707753479,0.0,0.0689655172413793,0.0,0.0092441519953145,0.0,0.0,0
1.0,1.0,0.0,0.0,0.0,0.0218749746252525,0.26,9.09090909090909e-05,8.839550755626654e-05,0.0430596539555917,0.7614314115308151,0.0161290322580645,0.0689655172413793,0.0,5.696783877461539e-05,0.0,0.04,0
0.0,1.0,0.0,0.0,0.0,0.1956958937218245,0.36,0.0001454545454545,0.0001473258459271,0.0649373762130854,0.8260437375745526,0.1129032258064516,0.0689655172413793,0.0,0.0227231267022342,0.0,0.04,1
0.0,0.0,0.0,1.0,0.0,0.0250284825150392,0.64,0.0001363636363636,0.0001767910151125,0.0279853343485881,0.8459244532803181,0.0806451612903225,0.1379310344827586,0.0,0.0181733806571784,0.0,0.04,1
1.0,1.0,0.0,0.0,0.0,0.0712873407480852,0.96,0.0001363636363636,0.0001473258459271,0.122476539809028,0.9025844930417496,0.064516129032258,0.1034482758620689,0.0,0.0149844618619522,0.0,0.04,1
1.0,0.0,0.0,1.0,0.0,0.0109279215805078,0.7999999999999999,0.0001818181818181,0.0002946516918542,0.0282286896673915,0.7624254473161033,0.1451612903225806,0.1034482758620689,0.1690601563746609,0.03812428590174,0.0,0.04,0
0.0,1.0,0.0,0.0,0.0,0.038961007856051,0.86,0.0001045454545454,8.839550755626654e-05,0.0343007080769709,0.7196819085487077,0.2096774193548387,0.2413793103448275,0.0,0.0390671356378637,0.1538461538461538,0.08,0
0.0,0.0,0.0,1.0,0.0,0.010987535807237,0.1999999999999999,0.0001136363636363,0.0001767910151125,0.0119083275504586,0.7574552683896619,0.0967741935483871,0.0689655172413793,0.0,0.0072842023062373,0.2307692307692307,0.08,1
0.0,1.0,0.0,0.0,0.0,0.0163858800564094,0.26,6.363636363636364e-05,4.419775377813327e-05,0.0342822520939631,0.7654075546719682,0.2741935483870967,0.2413793103448275,0.0,0.0039973500353648,0.0769230769230769,0.44,1
0.0,1.0,0.0,0.0,0.0,0.1080708666822016,0.32,0.0001045454545454,7.366292296355545e-05,0.0346065500811008,0.7524850894632207,0.0967741935483871,0.1724137931034483,0.0,0.0068796666421299,0.0,0.08,0
1.0,1.0,0.0,0.0,0.0,0.0290835058913518,0.66,0.0001331818181818,8.294445125696343e-05,0.0564368140965743,0.7157057654075546,0.1290322580645161,0.4137931034482758,0.0,0.013325353568651,0.0,0.08,0
1.0,1.0,0.0,0.0,0.0,0.0314865930495711,0.52,0.0002045454545454,0.0001325932613343,0.0589813668395552,0.8021868787276342,0.0,0.2068965517241379,0.0,0.0092441519953145,0.0,0.0,0
1.0,0.0,0.0,1.0,0.0,0.0246479562309484,0.14,0.0001363636363636,0.0001767910151125,0.0244143652934712,0.8011928429423458,0.032258064516129,0.1379310344827586,0.0,0.0009665329949401,0.0,0.0,0
0.0,1.0,0.0,0.0,0.0,0.0109472867114835,0.4,6.818181818181818e-05,2.946516918542218e-05,0.0104394949599346,0.7604373757455268,0.064516129032258,0.0344827586206896,0.0,0.0359889520798061,0.0769230769230769,0.08,1
0.0,1.0,0.0,0.0,0.0,0.1684445103125018,0.84,0.0001136363636363,3.6831461481777725e-05,0.0558409495023212,0.8419483101391649,0.1290322580645161,0.1034482758620689,0.0,0.0232422381319669,0.0,0.0,1
1.0,1.0,0.0,0.0,0.0,0.0086164609922295,0.36,0.0001727272727272,0.0002209887688906,0.0218800951695946,0.7415506958250496,0.064516129032258,0.2758620689655172,0.0,0.0002086687128148,0.0,0.04,0
0.0,0.0,0.0,1.0,0.0,0.0107587760699789,0.24,6.727272727272727e-05,0.0,0.0118769523793453,0.7852882703777335,0.0161290322580645,0.1034482758620689,0.0,0.0,0.0,0.0,1
0.0,1.0,0.0,0.0,0.0,0.0087478401161043,0.2199999999999999,0.0001045454545454,2.6813303958734185e-05,0.0224324563753293,0.7316103379721669,0.1451612903225806,0.1724137931034483,0.0,0.0014587607254758,0.0,0.16,0
0.0,1.0,0.0,0.0,0.0,0.0028889387248116,0.26,0.0001136363636363,0.0001178606767416,0.0127045713887969,0.6888667992047713,0.1290322580645161,0.3103448275862069,0.0,0.0034750381652515,0.0769230769230769,0.2,0
1.0,1.0,0.0,0.0,0.0,0.0342683955746557,1.0,0.0001818181818181,3.093842764469329e-05,0.0629180280151275,0.8528827037773359,0.064516129032258,0.1034482758620689,0.0,0.0,0.0,0.0,1
0.0,1.0,0.0,0.0,0.0,0.0224214919188987,0.5,5.909090909090909e-05,0.0001031280921489,0.0202032372848823,0.7833001988071571,0.0967741935483871,0.2413793103448275,0.0,0.0047942596901333,0.0,0.12,0
1.0,1.0,0.0,0.0,0.0,0.0325059641974654,0.7600000000000001,7.272727272727273e-05,8.839550755626654e-05,0.0557737169927926,0.8697813121272365,0.0806451612903225,0.0689655172413793,0.0,0.0048473870004512,0.0769230769230769,0.08,1
1.0,1.0,0.0,0.0,0.0,0.1839906505264482,0.26,0.0002045454545454,0.0001104943844453,0.1573066709414238,0.8946322067594433,0.1451612903225806,0.2758620689655172,0.0,0.0557062251765843,0.0,0.0,1
0.0,0.0,0.0,1.0,0.0,0.0905899366628779,0.62,0.0001590909090909,0.0001178606767416,0.0792383901320604,0.7962226640159046,0.1935483870967742,0.1379310344827586,0.0,0.0014568404612474,0.0,0.12,1
0.0,1.0,0.0,0.0,0.0,0.0248270909945598,0.56,5.909090909090909e-05,1.473258459271109e-05,0.0222523787125528,0.798210735586481,0.064516129032258,0.1724137931034483,0.0,0.0001798647493895,0.0,0.04,1
1.0,1.0,0.0,0.0,0.0,0.0496541819891196,0.7400000000000001,0.0005,0.0005156404607448,0.0877626813695816,0.7624254473161033,0.064516129032258,0.2413793103448275,0.0,0.0008506770531625,0.0,0.04,0
0.0,1.0,0.0,0.0,0.0,0.0011975420362081,0.24,8.25e-05,8.1029215259911e-05,0.0097041558655223,0.7823061630218687,0.1612903225806451,0.1379310344827586,0.0,0.0256534499147082,0.0,0.08,1
0.0,1.0,0.0,0.0,0.0,0.011449670199844,0.7600000000000001,5.454545454545455e-05,7.366292296355545e-05,0.0139347944847195,0.7385685884691848,0.0806451612903225,0.1724137931034483,0.0,0.0015067673311847,0.0,0.04,0
1.0,1.0,0.0,0.0,0.0,0.04939714857647,0.32,4.545454545454545e-05,1.473258459271109e-05,0.0212910856547444,0.7992047713717694,0.0483870967741935,0.0689655172413793,0.0,2.688369919700951e-05,0.0,0.08,0
1.0,1.0,0.0,0.0,0.0,0.0350500108158491,0.7799999999999999,0.0001363636363636,8.839550755626654e-05,0.0642394763984889,0.856858846918489,0.1129032258064516,0.0689655172413793,0.0,0.0257212992507769,0.0,0.0,1
0.0,1.0,0.0,0.0,0.0,0.0568978508910618,0.5,0.0001403181818181,0.0002766779386511,0.1002051777996671,0.7743538767395626,0.0967741935483871,0.1034482758620689,0.0,0.0650431899429361,0.0,0.04,1
1.0,1.0,0.0,0.0,0.0,0.1684737186548483,0.52,0.0005454545454545,0.0005893033837084,0.2802541019740519,0.8419483101391649,0.1774193548387097,0.2068965517241379,0.0,0.1249739964219076,0.0,0.08,1
0.0,1.0,0.0,0.0,0.0,0.0303766760404026,1.0,0.0002727272727272,0.0001473258459271,0.0569699283486008,0.7634194831013916,0.4354838709677419,0.2068965517241379,0.0,0.1551535091228553,0.1538461538461538,0.28,1
0.0,1.0,0.0,0.0,0.0,0.0524844703624994,0.14,0.0001136363636363,8.25024737191821e-05,0.0458093317668598,0.8658051689860834,0.064516129032258,0.1379310344827586,0.0,0.0174750445661323,0.0,0.04,1
0.0,1.0,0.0,0.0,0.0,0.0195112018958317,0.52,0.0001681818181818,0.0001915235997052,0.0392376835315681,0.8767395626242545,0.0483870967741935,0.1724137931034483,0.0,0.034281837180796,0.0,0.0,1
0.0,1.0,0.0,0.0,0.0,0.042603317355007,0.36,0.0002727272727272,0.0001473258459271,0.032325917895132,0.8290258449304174,0.1612903225806451,0.1034482758620689,0.0,0.1286493821549845,0.0,0.04,1
1.0,0.0,0.0,1.0,0.0,0.0126296872306443,0.1999999999999999,0.0002272727272727,0.0002946516918542,0.0178653915515892,0.7604373757455268,0.1451612903225806,0.2068965517241379,0.0,0.0308029584870878,0.0,0.08,0
1.0,1.0,0.0,0.0,0.0,0.0333267186174032,0.28,4.545454545454545e-05,8.839550755626654e-05,0.0293487041790673,0.772365805168986,0.032258064516129,0.1379310344827586,0.0,0.0235821249003862,0.0,0.0,0
0.0,1.0,0.0,0.0,0.0,0.0412392585590812,0.3399999999999999,9.09090909090909e-05,5.893033837084436e-05,0.0312997652398961,0.7813121272365805,0.0161290322580645,0.1034482758620689,0.0,0.0,0.0,0.0,1
1.0,1.0,0.0,0.0,0.0,0.0860828265637255,0.26,0.0001136363636363,5.893033837084436e-05,0.029359777768872,0.7107355864811132,0.0483870967741935,0.3103448275862069,0.0,0.0085080507077773,0.0,0.04,0
0.0,1.0,0.0,0.0,0.0,0.0633149237045968,0.16,0.0001772727272727,0.0001325932613343,0.0551024465251075,0.7624254473161033,0.1129032258064516,0.1379310344827586,0.0,0.0772880748390978,0.0,0.0,1
0.0,0.0,0.0,1.0,0.0,0.0368125006097241,0.44,0.0001045454545454,0.0002209887688906,0.035624002058633,0.7435387673956262,0.1612903225806451,0.4137931034482758,0.0,0.0355332093696092,0.0,0.0,0
1.0,0.0,0.0,1.0,0.0,0.0221253193275047,0.7200000000000001,0.0002272727272727,0.0002946516918542,0.0250387048329364,0.7634194831013916,0.0967741935483871,0.3103448275862069,0.0,0.046447351155519,0.0,0.12,0
1.0,1.0,0.0,0.0,0.0,0.026167753908266,0.6,0.0002272727272727,0.0001473258459271,0.0499205338103062,0.7186878727634194,0.1129032258064516,0.1724137931034483,0.0,0.0481288625314843,0.0,0.04,0
0.0,1.0,0.0,0.0,0.0,0.0408916792851573,0.58,0.0001590909090909,8.839550755626654e-05,0.0357584670776902,0.7495029821073558,0.2741935483870967,0.2068965517241379,0.0,0.0376544612538685,0.0769230769230769,0.16,1
0.0,1.0,0.0,0.0,0.0,0.0996588640863978,0.14,6.818181818181818e-05,0.0001031280921489,0.0449498102724946,0.798210735586481,0.0483870967741935,0.0344827586206896,0.0,0.001969551010219,0.0769230769230769,0.04,1
0.0,1.0,0.0,0.0,0.0,0.0584166846930819,0.7000000000000001,0.0001590909090909,0.0002946516918542,0.0507826918736724,0.8101391650099403,0.2096774193548387,0.1379310344827586,0.0,0.1725856677878876,0.6153846153846154,0.04,1
1.0,1.0,0.0,0.0,0.0,0.0204399979741093,0.28,0.0003636363636363,0.0002946516918542,0.0156541011303498,0.746520874751491,0.0967741935483871,0.6206896551724138,0.0,0.0062427790063912,0.0,0.04,0
0.0,1.0,0.0,0.0,0.0,0.0185735848981654,0.36,7.272727272727273e-05,4.419775377813327e-05,0.0142501281372534,0.8031809145129224,0.0,0.1724137931034483,0.0,0.0092441519953145,0.0,0.0,1
0.0,1.0,0.0,0.0,0.0,0.0184596723630138,0.58,9.09090909090909e-05,4.419775377813327e-05,0.0373738929046764,0.7852882703777335,0.0483870967741935,0.1724137931034483,0.0,5.056695801342265e-05,0.0,0.0,1
1.0,0.0,0.0,1.0,0.0,0.0277233902216428,0.4,0.0002272727272727,0.0002946516918542,0.0403785269383528,0.820079522862823,0.1290322580645161,0.3448275862068966,0.0,0.05084283597423,0.0,0.08,0
1.0,0.0,0.0,1.0,0.0,0.0092099745087113,0.4,0.0002272727272727,0.0003683146148177,0.0119381207801713,0.7842942345924453,0.032258064516129,0.2413793103448275,0.0,0.0007898686859311,0.0,0.04,0
1.0,0.0,0.0,0.0,1.0,0.0062973186099142,0.5,6.818181818181818e-05,7.366292296355545e-05,0.0087663282718239,0.794234592445328,0.0483870967741935,0.0344827586206896,0.0,0.0005703184758222,0.0,0.04,1
1.0,0.0,0.0,1.0,0.0,0.0221253193275047,0.42,0.0002272727272727,0.0002946516918542,0.0480290592089027,0.8389662027833001,0.2096774193548387,0.0689655172413793,0.0,0.0262512921778036,0.0,0.08,1
1.0,0.0,0.0,1.0,0.0,0.0241630977479959,0.18,8.181818181818182e-05,0.0001325932613343,0.0239366189904682,0.7644135188866799,0.0483870967741935,0.1724137931034483,0.0,0.0071625855717746,0.0,0.0,0
0.0,1.0,0.0,0.0,0.0,0.0237142531511566,0.64,0.0001136363636363,0.0001031280921489,0.018116920234296,0.7852882703777335,0.1935483870967742,0.2758620689655172,0.0,0.002742777406171,0.0,0.24,0
0.0,1.0,0.0,0.0,0.0,0.0289162589230755,0.08,6.818181818181818e-05,5.893033837084436e-05,0.0316538564567465,0.7713717693836978,0.0806451612903225,0.1724137931034483,0.0,0.0267012740953155,0.0,0.08,0
0.0,1.0,0.0,0.0,0.0,0.1049339199225254,0.3399999999999999,0.000590909090909,0.0005893033837084,0.047815497119812,0.7912524850894632,0.2096774193548387,0.2413793103448275,0.0,0.1243236669365704,0.0,0.0,1
0.0,1.0,0.0,0.0,0.0,0.0292083423465409,0.52,0.0002727272727272,0.0001473258459271,0.0262937116774695,0.746520874751491,0.0806451612903225,0.1724137931034483,0.0,0.0173681498574203,0.0,0.04,1
0.0,1.0,0.0,0.0,0.0,0.0193300809649408,0.16,8.09090909090909e-05,7.071640604501324e-05,0.0396479336681424,0.7614314115308151,0.1451612903225806,0.2413793103448275,0.0,0.0027312558208009,0.0,0.16,0
0.0,1.0,0.0,0.0,0.0,0.0686892586963604,0.16,0.0001272727272727,6.62966306671999e-05,0.0304478897956342,0.7246520874751491,0.0967741935483871,0.3103448275862069,0.0,0.0149492570177656,0.0769230769230769,0.08,0
0.0,1.0,0.0,0.0,0.0,0.0424660381459782,0.7799999999999999,0.0003090909090909,0.0005156404607448,0.0322225643902881,0.7624254473161033,0.1129032258064516,0.1724137931034483,0.0,0.0402634602521307,0.0,0.04,1
0.0,1.0,0.0,0.0,0.0,0.0154804214436667,0.58,9.09090909090909e-05,5.156404607448882e-05,0.0328846068664693,0.8230616302186878,0.032258064516129,0.1379310344827586,0.0,0.0034743980771754,0.0,0.0,1
0.0,1.0,0.0,0.0,0.0,0.0996588640863978,0.42,0.0002954545454545,0.0003388494456323,0.1679236069951339,0.8787276341948309,0.1290322580645161,0.1034482758620689,0.0,0.0237882332608967,0.0769230769230769,0.04,1
0.0,0.0,0.0,1.0,0.0,0.0071999440134493,0.14,8.636363636363636e-05,0.0001325932613343,0.005694461728619,0.7087475149105368,0.1129032258064516,0.1379310344827586,0.0,0.0016379853867892,0.0,0.08,0
0.0,1.0,0.0,0.0,0.0,0.0626372901621571,0.7200000000000001,0.0001727272727272,0.0001546921382234,0.1089498862056819,0.8846918489065606,0.0806451612903225,0.1724137931034483,0.0,0.0235770041957773,0.0,0.0,1
1.0,0.0,0.0,1.0,0.0,0.021912098428375,0.24,0.0002272727272727,0.0002946516918542,0.1247951385886129,0.8001988071570576,0.1290322580645161,0.2413793103448275,0.0,0.0159509948568923,0.0,0.12,1
0.0,1.0,0.0,0.0,0.0,0.0196436325200309,0.48,4.090909090909091e-05,4.419775377813327e-05,0.0179012488900044,0.7912524850894632,0.0161290322580645,0.0689655172413793,0.0,0.0,0.0,0.0,1
0.0,1.0,0.0,0.0,0.0,0.0291440839933785,0.38,0.0001318181818181,0.0002946516918542,0.0546734767486253,0.831013916500994,0.0483870967741935,0.1724137931034483,0.0,0.0029597672639755,0.0,0.0,1
0.0,1.0,0.0,0.0,0.0,0.0467333477544655,0.18,0.0001080909090909,0.0001166820699742,0.0232031254943566,0.7644135188866799,0.1290322580645161,0.0344827586206896,0.0,0.003171636417171,0.0769230769230769,0.12,1
0.0,1.0,0.0,0.0,0.0,0.0088676527364098,0.92,0.0002090909090909,0.0002209887688906,0.0220024319712466,0.7713717693836978,0.2903225806451612,0.1379310344827586,0.0,0.0602918161539027,0.0769230769230769,0.08,1
0.0,1.0,0.0,0.0,0.0,0.0125566663747779,0.4,0.0001136363636363,0.0001473258459271,0.0257608610823432,0.7862823061630219,0.0806451612903225,0.1034482758620689,0.0,0.0017314382459026,0.0,0.12,1
0.0,1.0,0.0,0.0,0.0,0.0122645829513125,0.7600000000000001,7.727272727272727e-05,7.366292296355545e-05,0.0275168160370891,0.7872763419483101,0.1290322580645161,0.0689655172413793,0.0,0.0001152158537014,0.0,0.08,1
0.0,1.0,0.0,0.0,0.0,0.0540354333411008,0.16,0.0002072727272727,0.0001392229244011,0.0185089780447626,0.7524850894632207,0.1129032258064516,0.1034482758620689,0.0,0.0039455029011992,0.0,0.04,1
0.0,1.0,0.0,0.0,0.0,0.058863572330984,0.48,0.0001363636363636,0.0001473258459271,0.0513809293800266,0.7186878727634194,0.1612903225806451,0.2068965517241379,0.0,0.0904150011041519,0.0769230769230769,0.2,0
0.0,1.0,0.0,0.0,0.0,0.1041861571501116,0.7600000000000001,0.0001866363636363,0.0001003289010763,0.0394298894117498,0.8419483101391649,0.1129032258064516,0.0689655172413793,0.0,0.0099636109928726,0.0769230769230769,0.0,1
0.0,1.0,0.0,0.0,0.0,0.085040088741954,0.6,9.09090909090909e-05,0.0001473258459271,0.0263757089734044,0.8170974155069582,0.0806451612903225,0.3103448275862069,0.0,0.0025456302787263,0.0,0.08,0
1.0,1.0,0.0,0.0,0.0,0.0759416901010065,0.5,0.0003636363636363,0.0002357213534833,0.1310991750702909,0.7395626242544732,0.0806451612903225,0.1724137931034483,0.0,0.0320268068886278,0.0,0.0,0
0.0,0.0,0.0,1.0,0.0,0.0838401808300157,0.36,0.0001363636363636,0.0002209887688906,0.0874560483947513,0.8956262425447316,0.0483870967741935,0.1379310344827586,0.0,0.0023081576024861,0.1538461538461538,0.0,1
0.0,0.0,0.0,1.0,0.0,0.0201245478767667,0.54,0.0001727272727272,0.0001178606767416,0.0202680968823098,0.8071570576540755,0.2741935483870967,0.1379310344827586,0.0,0.1266049408398595,0.1538461538461538,0.2,1
0.0,1.0,0.0,0.0,0.0,0.0788625243356606,0.4599999999999999,0.0001,0.0001620584305198,0.0246107896840546,0.7833001988071571,0.032258064516129,0.1379310344827586,0.0,0.0055758072310749,0.0,0.04,1
1.0,0.0,0.0,1.0,0.0,0.0408927892021665,0.7200000000000001,0.0001181818181818,0.0001767910151125,0.0355348860263952,0.8747514910536779,0.1290322580645161,0.0689655172413793,0.0,0.0268299317986154,0.0,0.08,1
0.0,1.0,0.0,0.0,0.0,0.0215271908929323,0.32,0.0001045454545454,7.366292296355545e-05,0.0424661622734396,0.7604373757455268,0.064516129032258,0.1034482758620689,0.0,0.000107534796788,0.0769230769230769,0.08,1
0.0,1.0,0.0,0.0,0.0,0.0605897853636645,0.36,4.545454545454545e-05,7.366292296355545e-05,0.0525209818161109,0.8170974155069582,0.0161290322580645,0.0689655172413793,0.0,0.0,0.0,0.0,1
0.0,1.0,0.0,0.0,0.0,0.0046645722727425,0.58,8.181818181818182e-05,7.366292296355545e-05,0.0037871677132087,0.742544731610338,0.0483870967741935,0.4482758620689655,0.0,0.0531157887325296,0.0,0.0,0
0.0,1.0,0.0,0.0,0.0,0.1615221331763716,0.44,0.00015,2.946516918542218e-05,0.0549653449370492,0.4910536779324055,0.1129032258064516,0.1724137931034483,0.0268070847295356,0.0162838406564743,0.0,0.04,0
0.0,1.0,0.0,0.0,0.0,0.0447676263145433,0.48,0.0001181818181818,0.0001473258459271,0.0190323369914849,0.7733598409542743,0.1129032258064516,0.4137931034482758,0.0,0.0112943541031245,0.0,0.12,0
0.0,1.0,0.0,0.0,0.0,0.013578637065141,0.0399999999999999,6.818181818181818e-05,8.839550755626654e-05,0.0296880306095114,0.7405566600397614,0.0161290322580645,0.2068965517241379,0.0,0.0,0.0,0.0,0
0.0,1.0,0.0,0.0,0.0,0.0794320870114181,0.86,0.0001227705454545,0.0009834000215634,0.0309667665750546,0.8439363817097415,0.2258064516129032,0.2068965517241379,0.0,0.0612756315268981,0.0769230769230769,0.04,1
1.0,1.0,0.0,0.0,0.0,0.0712566719886213,0.28,6.818181818181818e-05,7.366292296355545e-05,0.0617848306584462,0.7773359840954274,0.0483870967741935,0.1724137931034483,0.0,0.008312823844561,0.0,0.0,0
1.0,0.0,0.0,1.0,0.0,0.0221253193275047,0.68,0.0002272727272727,0.0002946516918542,0.1256678429279837,0.8061630218687872,0.032258064516129,0.0689655172413793,0.0,6.144845530745031e-05,0.0,0.04,1
0.0,1.0,0.0,0.0,0.0,0.0102419052438145,0.7999999999999999,6.818181818181818e-05,2.946516918542218e-05,0.0051078251258698,0.7475149105367793,0.0806451612903225,0.2413793103448275,0.0,0.0100737061419651,0.0,0.04,0
1.0,1.0,0.0,0.0,0.0,0.0712683553255599,0.26,0.0003636363636363,0.0005893033837084,0.1221224485921776,0.8061630218687872,0.1774193548387097,0.1034482758620689,0.0,0.0668117532972537,0.0,0.0,1
1.0,1.0,0.0,0.0,0.0,0.0695158547847675,0.32,0.0003181818181818,0.0004419775377813,0.1197123608682538,0.8031809145129224,0.1129032258064516,0.1379310344827586,0.0,0.0184434978253007,0.0,0.0,0
0.0,1.0,0.0,0.0,0.0,0.0104565865600616,0.7400000000000001,0.0001318181818181,0.0001305306994914,0.0173198854252574,0.7256461232604373,0.1290322580645161,0.1724137931034483,0.0,0.0103393426935546,0.0,0.08,0
0.0,1.0,0.0,0.0,0.0,0.0552037670349624,0.64,0.0001136363636363,1.473258459271109e-05,0.024562276814434,0.7763419483101391,0.1935483870967742,0.2413793103448275,0.0,0.0072861225704656,0.0,0.12,0
0.0,1.0,0.0,0.0,0.0,0.0775773572724128,0.42,0.0001136363636363,0.0001443793290085,0.0669319406624326,0.7673956262425446,0.1451612903225806,0.2068965517241379,0.0,0.0079306912631178,0.0,0.12,0
1.0,1.0,0.0,0.0,0.0,0.0376787616270378,0.52,0.0004090909090909,0.0006629663066719,0.0686538838770641,0.8121272365805169,0.1612903225806451,0.1034482758620689,0.0,0.1637953382385416,0.1538461538461538,0.0,1
1.0,1.0,0.0,0.0,0.0,0.0946364604115677,0.7400000000000001,0.0001818181818181,8.839550755626654e-05,0.1600421112800858,0.8240556660039761,0.2096774193548387,0.3448275862068966,0.0,0.0995125729300351,0.0,0.08,1
0.0,1.0,0.0,0.0,0.0,0.0204925729903331,0.42,9.09090909090909e-05,0.0001325932613343,0.0406727680388777,0.8021868787276342,0.0483870967741935,0.1379310344827586,0.0,0.0004166973375536,0.0,0.0,1
0.0,1.0,0.0,0.0,0.0,0.058939514021085,0.28,0.0003181818181818,0.0004419775377813,0.0446144386955522,0.7485089463220675,0.1290322580645161,0.3103448275862069,0.0,0.1254867069708792,0.0,0.04,0
0.0,1.0,0.0,0.0,0.0,0.0703877238038117,0.1999999999999999,9.545454545454546e-05,3.8599371632903055e-05,0.1240587448666001,0.7823061630218687,0.032258064516129,0.2758620689655172,0.0,0.0060302697651196,0.0,0.0,0
0.0,1.0,0.0,0.0,0.0,0.0110991700916855,0.4,0.0001727272727272,0.000250453938076,0.0105881974515978,0.7216699801192843,0.1451612903225806,0.3103448275862069,0.0,0.06927161177378,0.0,0.0,0
0.0,1.0,0.0,0.0,0.0,0.0822390087109207,0.54,5.090909090909091e-05,5.156404607448882e-05,0.0848068238624259,0.7962226640159046,0.0806451612903225,0.1034482758620689,0.0,0.0017339985982071,0.0,0.08,1
0.0,0.0,0.0,1.0,0.0,0.0311601314071638,0.36,0.0003636363636363,0.0002946516918542,0.0305000938618564,0.8548707753479124,0.064516129032258,0.0344827586206896,0.0,0.0252194701990993,0.0,0.0,1
0.0,0.0,0.0,1.0,0.0,0.0684483774970284,0.82,0.0001136363636363,0.0001178606767416,0.0648838538623626,0.8906560636182902,0.032258064516129,0.1724137931034483,0.0,0.0095744374425921,0.0769230769230769,0.0,1
0.0,1.0,0.0,0.0,0.0,0.02879358388522,0.86,6.818181818181818e-05,2.946516918542218e-05,0.0256082037371783,0.7743538767395626,0.064516129032258,0.1034482758620689,0.0,0.0097587828085144,0.0,0.04,1
0.0,1.0,0.0,0.0,0.0,0.065204703454418,0.36,0.000190909090909,0.0001473258459271,0.0566345567716583,0.7783300198807157,0.032258064516129,0.1379310344827586,0.0,0.0192026422835782,0.0,0.0,1
0.0,1.0,0.0,0.0,0.0,0.0551745586926159,0.38,0.0001363636363636,0.0002209887688906,0.09637477035484,0.8300198807157058,0.0483870967741935,0.3448275862068966,0.0,0.0245172935795965,0.0,0.0,0
1.0,1.0,0.0,0.0,0.0,0.0481265856843955,0.4,0.0001272727272727,7.366292296355545e-05,0.0855247616014309,0.8061630218687872,0.0483870967741935,0.3103448275862069,0.0,0.0011579193296997,0.0,0.0,0
1.0,1.0,0.0,0.0,0.0,0.0219632130274814,0.58,5.454545454545455e-05,2.946516918542218e-05,0.0431653803725366,0.7703777335984096,0.0806451612903225,0.0689655172413793,0.0,0.0016360651225608,0.0,0.0,0
0.0,1.0,0.0,0.0,0.0,0.0129076046080716,0.38,0.0001590909090909,0.0002651865226687,0.0289727294395076,0.7902584493041749,0.0806451612903225,0.2413793103448275,0.0,0.0478472237779918,0.0,0.04,1
0.0,1.0,0.0,0.0,0.0,0.1606458829059753,0.58,0.0002727272727272,0.0004419775377813,0.1371978228267816,0.8419483101391649,0.0967741935483871,0.3793103448275862,0.0,0.016110376787846,0.0,0.0,0
1.0,1.0,0.0,0.0,0.0,0.076756602852475,0.86,0.0003636363636363,0.0005893033837084,0.0665488471865699,0.7763419483101391,0.0483870967741935,0.1724137931034483,0.0,0.0151240010625462,0.0,0.0,0
0.0,0.0,0.0,1.0,0.0,0.0872853048097903,0.86,0.0004090909090909,0.0007808269834136,0.0911773018829321,0.8707753479125248,0.0483870967741935,0.0689655172413793,0.0,0.0021679783138159,0.0,0.0,1
0.0,1.0,0.0,0.0,0.0,0.0608351938560602,0.58,0.0002454545454545,0.0001178606767416,0.0267957144152828,0.7892644135188867,0.0967741935483871,0.5172413793103449,0.0,0.0028522324671874,0.0,0.08,0
0.0,1.0,0.0,0.0,0.0,0.1233366068096212,0.4,0.0003863636363636,0.0005893033837084,0.1563124207711015,0.7395626242544732,0.1451612903225806,0.1724137931034483,0.0,0.0295138211017836,0.0,0.04,0
1.0,1.0,0.0,0.0,0.0,0.1041569488077651,0.68,0.0002340909090909,4.125123685959105e-05,0.0394180248512447,0.7664015904572564,0.0967741935483871,0.1379310344827586,0.0,0.003853330218238,0.0,0.0,0
1.0,1.0,0.0,0.0,0.0,0.0330568627424635,0.4,4.545454545454545e-05,0.0001663308800517,0.0298224956285685,0.7534791252485089,0.1774193548387097,0.2068965517241379,0.0,0.0250613684442979,0.0,0.04,0
0.0,1.0,0.0,0.0,0.0,0.0705323050984271,0.18,5e-05,0.0005893033837084,0.0533348906667566,0.8598409542743538,0.1290322580645161,0.0344827586206896,0.0,0.0227205663499297,0.0769230769230769,0.0,1
1.0,1.0,0.0,0.0,0.0,0.005724835099922,0.66,9.454545454545456e-05,2.7402607342442627e-05,0.0173892271899869,0.7892644135188867,0.0483870967741935,0.0689655172413793,0.0,0.0,0.0,0.0,0
0.0,0.0,0.0,1.0,0.0,0.1514934196233444,0.82,0.0001590909090909,0.0002209887688906,0.1415376154026252,0.8210735586481113,0.032258064516129,0.1034482758620689,0.0,9.409294718953327e-05,0.0,0.04,1
0.0,1.0,0.0,0.0,0.0,0.0032713343428125,0.92,0.0001463636363636,0.0002308596005677,0.0089026388891818,0.8031809145129224,0.0967741935483871,0.0689655172413793,0.0,0.0238042354627996,0.1538461538461538,0.08,1
0.0,0.0,0.0,1.0,0.0,0.0466774721955566,0.0999999999999999,0.0001363636363636,0.0002062561842979,0.044835383177846,0.7017892644135189,0.1129032258064516,0.4827586206896551,0.0,0.0253865331869665,0.3076923076923077,0.0,0
0.0,1.0,0.0,0.0,0.0,0.0495636361278453,0.26,8.181818181818182e-05,8.839550755626654e-05,0.0375616166175561,0.8071570576540755,0.1290322580645161,0.1034482758620689,0.0,0.034190304585911,0.0,0.04,1
1.0,1.0,0.0,0.0,0.0,0.148962545967359,0.7999999999999999,0.0004090909090909,0.0006629663066719,0.1281506999563384,0.7773359840954274,0.064516129032258,0.2068965517241379,0.0,0.0027952646284128,0.0,0.0,0
1.0,1.0,0.0,0.0,0.0,0.0633207653730661,0.32,0.0001590909090909,0.0001473258459271,0.0282914400096182,0.7992047713717694,0.1451612903225806,0.2413793103448275,0.0,0.032236755777595,0.0,0.08,0
1.0,1.0,0.0,0.0,0.0,0.0350500108158491,0.92,0.0001818181818181,0.0002946516918542,0.037431897422701,0.73558648111332,0.1129032258064516,0.3103448275862069,0.0,0.0048371455912333,0.0,0.04,0
1.0,0.0,0.0,1.0,0.0,0.0221253193275047,0.7400000000000001,0.0001818181818181,0.0002946516918542,0.0824605411083292,0.8598409542743538,0.1451612903225806,0.2068965517241379,0.0,0.0531253900536713,0.0,0.0,1
0.0,1.0,0.0,0.0,0.0,0.0262422351812497,0.14,0.0001781667727272,0.0001785589252636,0.0499020778272984,0.7693836978131212,0.064516129032258,0.1034482758620689,0.0,0.0097402202543069,0.0,0.12,1
0.0,0.0,0.0,1.0,0.0,0.0714437222130086,0.48,0.0001227272727272,5.893033837084436e-05,0.075136679737018,0.8161033797216699,0.1129032258064516,0.1034482758620689,0.0,0.0038328473998022,0.0,0.04,1
0.0,0.0,0.0,1.0,0.0,0.0542779502076041,0.3399999999999999,0.0001136363636363,0.0002651865226687,0.0515130214869827,0.7664015904572564,0.0483870967741935,0.0,0.0,0.0235174760046982,0.0,0.08,1
0.0,0.0,0.0,1.0,0.0,0.1047666145375644,0.4,0.0003636363636363,0.0002946516918542,0.089997700911831,0.7793240556660039,0.0967741935483871,0.3103448275862069,0.0,0.0,0.0,0.0,0
0.0,1.0,0.0,0.0,0.0,0.0164735050834491,0.38,0.0001363636363636,0.0001767910151125,0.0342606322281539,0.8180914512922465,0.0483870967741935,0.1034482758620689,0.0,0.0097843863315592,0.0,0.04,1
0.0,1.0,0.0,0.0,0.0,0.0756718634344091,0.14,8.181818181818182e-05,4.419775377813327e-05,0.0656611144038928,0.7664015904572564,0.064516129032258,0.2068965517241379,0.0,0.0014888448650534,0.0,0.12,0
0.0,0.0,0.0,1.0,0.0,0.0777965366733812,0.26,9.09090909090909e-05,0.0002209887688906,0.0669696435991487,0.8538767395626242,0.0483870967741935,0.0689655172413793,0.0,8.321144989550563e-06,0.0,0.0,1
0.0,1.0,0.0,0.0,0.0,0.0087625027039622,0.92,0.0001363636363636,8.839550755626654e-05,0.0218824680816956,0.820079522862823,0.0161290322580645,0.1034482758620689,0.0,3.0724227653725155e-05,0.0,0.0,1
1.0,1.0,0.0,0.0,0.0,0.0785613863260678,0.7400000000000001,0.0004545454545454,0.0002946516918542,0.1343070885739536,0.8727634194831013,0.0967741935483871,0.1724137931034483,0.0,0.0431022508697196,0.0769230769230769,0.0,1
0.0,1.0,0.0,0.0,0.0,0.0183136306512811,0.32,0.0001363636363636,0.0003093842764469,0.0373968310549861,0.7584493041749503,0.032258064516129,0.2758620689655172,0.0,0.0006938554745132,0.0,0.0,0
1.0,1.0,0.0,0.0,0.0,0.1264867265316957,0.5,0.00025,0.0004419775377813,0.074406877437508,0.73558648111332,0.1129032258064516,0.1034482758620689,0.0,0.0253417270216381,0.0,0.08,0
1.0,0.0,0.0,1.0,0.0,0.0221253193275047,0.44,0.0002272727272727,0.0002946516918542,0.0332450258489224,0.7365805168986083,0.3709677419354839,0.1724137931034483,0.0,0.14210595377924,0.0,0.24,1
1.0,0.0,0.0,1.0,0.0,0.0055174558692615,0.7200000000000001,0.0002272727272727,0.0002946516918542,0.0247407725358098,0.7584493041749503,0.0806451612903225,0.1034482758620689,0.0,0.0500049606825899,0.0,0.08,0
1.0,1.0,0.0,0.0,0.0,0.1080708666822016,0.26,0.0006818181818181,0.0007366292296355,0.0488846258497661,0.7415506958250496,0.1129032258064516,0.1034482758620689,0.0,0.0771901413634516,0.0,0.12,0
1.0,0.0,0.0,1.0,0.0,0.0520547864382395,0.1999999999999999,0.0003181818181818,0.0005893033837084,0.0496202286010786,0.7634194831013916,0.1451612903225806,0.2068965517241379,0.0,0.026226328742835,0.0769230769230769,0.16,0
1.0,0.0,0.0,1.0,0.0,0.1028182136446537,0.88,0.0002045454545454,0.0001767910151125,0.0881534208955475,0.831013916500994,0.0806451612903225,0.1034482758620689,0.0,0.0006900149460565,0.0,0.0,0
0.0,0.0,0.0,1.0,0.0,0.0112259342974695,0.32,0.0002272727272727,0.0002946516918542,0.0288329912824482,0.7007952286282306,0.0967741935483871,0.1034482758620689,0.0,0.0141421059537792,0.0,0.08,0
0.0,1.0,0.0,0.0,0.0,0.0563428923864775,0.4599999999999999,0.0006,0.0005893033837084,0.0490241003499254,0.8349900596421471,0.1451612903225806,0.1724137931034483,0.0,0.0073123661815865,0.0,0.12,1
1.0,1.0,0.0,0.0,0.0,0.007139570369819,0.48,6.048831818181818e-05,8.824818171033943e-05,0.0196429663721443,0.7773359840954274,0.064516129032258,0.4482758620689655,0.0,0.0297768973010686,0.0,0.0,0
0.0,1.0,0.0,0.0,0.0,0.0488042484351776,0.9,9.09090909090909e-05,8.839550755626654e-05,0.0369905357719135,0.8528827037773359,0.0967741935483871,0.1379310344827586,0.0,0.0242977433694876,0.0,0.0,1
1.0,1.0,0.0,0.0,0.0,0.025087045241444,0.7000000000000001,5e-05,1.473258459271109e-05,0.0224936247761552,0.7137176938369781,0.1129032258064516,0.0689655172413793,0.0,0.001760242209328,0.0,0.2,1
0.0,0.0,0.0,1.0,0.0,0.0514732191337775,0.84,0.0004545454545454,0.0005893033837084,0.0491728028415886,0.8548707753479124,0.1774193548387097,0.1379310344827586,0.0,0.0042905103742274,0.0,0.04,1
0.0,1.0,0.0,0.0,0.0,0.0496541819891196,0.5,0.0001895454545454,0.0001473258459271,0.0875087797747737,0.8131212723658051,0.1129032258064516,0.1379310344827586,0.0,0.0065295384644927,0.0,0.0,1
0.0,1.0,0.0,0.0,0.0,0.0813861251144017,0.26,0.0001363636363636,0.0001031280921489,0.0701630559733052,0.7604373757455268,0.032258064516129,0.0689655172413793,0.0,0.0019202642283578,0.0,0.0,1
0.0,1.0,0.0,0.0,0.0,0.0337035062336736,0.3399999999999999,0.0001545454545454,0.0001178606767416,0.0139311032881179,0.8359840954274353,0.1129032258064516,0.0,0.0,0.0177918881638113,0.0,0.04,1
0.0,1.0,0.0,0.0,0.0,0.0132605874253296,0.14,6.818181818181818e-05,5.893033837084436e-05,0.0209398946637952,0.7316103379721669,0.0161290322580645,0.1034482758620689,0.0,0.0019541888963921,0.0,0.0,1
0.0,1.0,0.0,0.0,0.0,0.0058387476350735,0.68,6.818181818181818e-05,5.893033837084436e-05,0.0172581897106312,0.8091451292246521,0.032258064516129,0.1034482758620689,0.0,0.0028803963425367,0.0,0.0,1
0.0,1.0,0.0,0.0,0.0,0.0862522349493355,0.42,9.09090909090909e-05,0.0001178606767416,0.0744456350018245,0.831013916500994,0.064516129032258,0.0344827586206896,0.0,0.0012974585302937,0.0,0.0,1
0.0,0.0,0.0,1.0,0.0,0.1281167272846868,0.24,0.0001590909090909,0.0002209887688906,0.109571589176146,0.7902584493041749,0.0483870967741935,0.2758620689655172,0.0,0.0395894475079771,0.0,0.0,0
1.0,1.0,0.0,0.0,0.0,0.0087625027039622,0.66,9.181818181818182e-05,0.0,0.0222602884195561,0.8011928429423458,0.0161290322580645,0.0,0.0,0.0,0.0,0.0,1
0.0,0.0,0.0,1.0,0.0,0.0422371907836931,0.52,0.0002572727272727,0.0002433822974715,0.0415805387459634,0.8220675944333996,0.0483870967741935,0.1379310344827586,0.0,0.04931878626499,0.0,0.0,1
0.0,0.0,0.0,1.0,0.0,0.0239173095471497,0.5,4.545454545454545e-05,5.893033837084436e-05,0.0267466742318619,0.8449304174950297,0.0483870967741935,0.0689655172413793,0.0,0.0003776519649103,0.0,0.0,1
1.0,1.0,0.0,0.0,0.0,0.0408412364779249,0.56,0.0001190909090909,0.0011896562058614,0.0734927789648197,0.7673956262425446,0.032258064516129,0.0,0.0,0.0038405284567156,0.0,0.08,1
0.0,0.0,0.0,1.0,0.0,0.048816837230729,0.62,0.0002272727272727,0.0004419775377813,0.051991558760686,0.7743538767395626,0.2258064516129032,0.2758620689655172,0.0,0.4132222993883959,0.1538461538461538,0.08,1
1.0,0.0,0.0,1.0,0.0,0.0200967999515375,0.4,0.0002272727272727,0.0002946516918542,0.0444601994089867,0.8151093439363817,0.1451612903225806,0.0689655172413793,0.0,0.0578255567966152,0.0,0.04,1
1.0,1.0,0.0,0.0,0.0,0.0245320867368597,0.7200000000000001,0.0001272727272727,0.0001915235997052,0.0187322954391574,0.7803180914512922,0.1612903225806451,0.2413793103448275,0.0,0.0266788710126513,0.0,0.04,0
1.0,1.0,0.0,0.0,0.0,0.1659033845283527,0.1999999999999999,0.0001686363636363,0.0001331825647181,0.2818653092906364,0.7594433399602385,0.1290322580645161,0.2068965517241379,0.0,0.0104846426868337,0.0,0.04,0
0.0,1.0,0.0,0.0,0.0,0.0654033201823745,0.66,0.0001590909090909,0.0001473258459271,0.1129282051714719,0.8230616302186878,0.1935483870967742,0.1379310344827586,0.0,0.0008609184623804,0.0,0.08,1
0.0,0.0,0.0,1.0,0.0,0.0308655360662566,0.24,0.0001818181818181,0.0003683146148177,0.0300945895494841,0.911530815109344,0.1451612903225806,0.0,0.0,0.0402141734702695,0.0,0.16,1
0.0,1.0,0.0,0.0,0.0,0.0529820344743728,0.42,0.0001323181818181,0.0001538081831479,0.0489471125350927,0.7872763419483101,0.0483870967741935,0.2068965517241379,0.0,0.00553868212266,0.0,0.0,0
0.0,1.0,0.0,0.0,0.0,0.0082250692047859,0.24,5.454545454545455e-05,8.839550755626654e-05,0.0145296044513721,0.7504970178926441,0.0483870967741935,0.1724137931034483,0.0,0.0030212157192829,0.0,0.08,0
0.0,1.0,0.0,0.0,0.0,0.0028312814570196,0.2199999999999999,8.063636363636363e-05,6.335011374865769e-06,0.0131024296510659,0.7743538767395626,0.032258064516129,0.1379310344827586,0.0,0.0,0.0,0.04,1
0.0,1.0,0.0,0.0,0.0,0.0620648066521649,0.3399999999999999,9.09090909090909e-05,8.839550755626654e-05,0.1074409777663409,0.7495029821073558,0.064516129032258,0.1379310344827586,0.0,0.002216625007601,0.0,0.04,1
0.0,1.0,0.0,0.0,0.0,0.029351463224039,0.18,0.0001772727272727,0.0001473258459271,0.0549653449370492,0.742544731610338,0.1290322580645161,0.1724137931034483,0.0,0.0089919572933235,0.0,0.08,0
1.0,1.0,0.0,0.0,0.0,0.0289253135092029,0.4,6.818181818181818e-05,0.0001178606767416,0.0257600701116428,0.7972166998011928,0.0806451612903225,0.1379310344827586,0.0,0.0101639585606979,0.0,0.04,0
0.0,1.0,0.0,0.0,0.0,0.0274266334634019,0.14,5.454545454545455e-05,7.366292296355545e-05,0.0247637106861196,0.7693836978131212,0.1129032258064516,0.2758620689655172,0.0,0.0078698828958864,0.0,0.08,0
1.0,0.0,0.0,1.0,0.0,0.0126296872306443,0.84,0.0002272727272727,0.0002946516918542,0.0851205755735592,0.8926441351888668,0.064516129032258,0.0689655172413793,0.0,0.0352720534345526,0.0,0.04,1
0.0,0.0,0.0,1.0,0.0,0.0452533318394239,0.66,0.0001136363636363,1.767910151125331e-05,0.0486452253844644,0.8359840954274353,0.0806451612903225,0.1034482758620689,0.0,0.0053178517363989,0.0,0.0,1
0.0,0.0,0.0,1.0,0.0,0.0457096829802463,0.9,0.0001363636363636,0.0002946516918542,0.0395944113174197,0.8836978131212723,0.2741935483870967,0.2413793103448275,0.0,0.1670802702451857,0.0,0.0,1
0.0,0.0,0.0,1.0,0.0,0.0732033203809912,0.4599999999999999,0.0143363636363636,5.524719222266659e-05,0.0754108829131345,0.0069582504970178,0.0,0.0,0.0,0.0092441519953145,0.0,0.0,0
0.0,1.0,0.0,0.0,0.0,0.0803229414529876,0.4599999999999999,0.0001136363636363,7.366292296355545e-06,0.0371727226898909,0.7872763419483101,0.064516129032258,0.1379310344827586,0.0,0.0146573768550552,0.1538461538461538,0.08,1
0.0,1.0,0.0,0.0,0.0,0.0173147053430294,0.44,0.0003181818181818,0.0004419775377813,0.032919145920384,0.805168986083499,0.0806451612903225,0.1724137931034483,0.0,0.0019881135644264,0.0,0.0,1
1.0,1.0,0.0,0.0,0.0,0.0397233455912957,0.44,0.0002272727272727,0.0002946516918542,0.0716941115922556,0.7306163021868787,0.2096774193548387,0.2068965517241379,0.0,0.0114402941844797,0.0,0.28,1
0.0,0.0,0.0,1.0,0.0,0.0712749564109303,0.3,0.0002563636363636,0.0007068694087582,0.0682655172631992,0.7992047713717694,0.1290322580645161,0.2413793103448275,0.0,0.0599544897377879,0.0769230769230769,0.08,0
1.0,1.0,0.0,0.0,0.0,0.3417376054545294,0.64,0.0002272727272727,0.0003683146148177,0.5571882362618936,0.7475149105367793,0.1774193548387097,0.2413793103448275,0.0,0.0096691704778577,0.0,0.0,1
0.0,0.0,0.0,1.0,0.0,0.0233239128640374,0.18,5e-05,7.366292296355545e-05,0.023196797728754,0.7127236580516898,0.0967741935483871,0.1379310344827586,0.0,0.0059816230713346,0.0769230769230769,0.12,0
1.0,1.0,0.0,0.0,0.0,0.0480477231600599,0.62,0.0008181818181818,0.0011786067674168,0.0634798808692662,0.820079522862823,0.1451612903225806,0.1724137931034483,0.0,0.0012878572091519,0.0769230769230769,0.04,1
1.0,0.0,0.0,1.0,0.0,0.0302890510133629,0.86,0.0001818181818181,0.0002946516918542,0.0513500815227135,0.8021868787276342,0.0967741935483871,0.1724137931034483,0.0,0.1334705255443149,0.0,0.04,0
0.0,1.0,0.0,0.0,0.0,0.0356312568285453,0.68,0.0001363636363636,0.0001473258459271,0.0604757741493901,0.7703777335984096,0.064516129032258,0.3448275862068966,0.0,0.0113609232630409,0.0,0.08,0
0.0,1.0,0.0,0.0,0.0,0.103632016479113,0.64,9.09090909090909e-05,2.946516918542218e-05,0.0359604282631759,0.7614314115308151,0.0483870967741935,0.1724137931034483,0.0,0.0048403460316139,0.0,0.12,0
1.0,1.0,0.0,0.0,0.0,0.0022490423606836,0.3399999999999999,6.818181818181818e-05,4.419775377813327e-05,0.0114192440007508,0.7415506958250496,0.032258064516129,0.2068965517241379,0.0,0.0005344735435595,0.0,0.08,0
1.0,1.0,0.0,0.0,0.0,0.0435788467810391,0.7999999999999999,4.545454545454545e-05,0.0002289443645707,0.0790261463274703,0.8300198807157058,0.064516129032258,0.1724137931034483,0.0,0.0157570481698281,0.0,0.04,0
1.0,0.0,0.0,1.0,0.0,0.0221253193275047,0.7799999999999999,0.0002272727272727,0.0002946516918542,0.0480448786229094,0.8240556660039761,0.064516129032258,0.0689655172413793,0.0,0.0350685054263466,0.0,0.08,1
0.0,1.0,0.0,0.0,0.0,0.012112407487687,0.9,4.545454545454545e-05,4.773357408038393e-05,0.0273254011276078,0.8697813121272365,0.0967741935483871,0.0,0.0,0.0051584698054452,0.0,0.04,1
0.0,1.0,0.0,0.0,0.0,0.0181559056026098,0.7600000000000001,8.181818181818182e-05,7.366292296355545e-05,0.0267142444331482,0.7504970178926441,0.1129032258064516,0.1379310344827586,0.0,0.0014696422227698,0.0,0.04,1
0.0,1.0,0.0,0.0,0.0,0.101225161444731,0.4599999999999999,0.0003727272727272,0.0004419775377813,0.1040898985659174,0.7952286282306162,0.064516129032258,0.1724137931034483,0.0,0.0008961233065669,0.0,0.0,1
1.0,1.0,0.0,0.0,0.0,0.0140638168398594,0.84,8.863636363636364e-05,7.469420388504523e-05,0.0313477507957165,0.8518886679920477,0.0967741935483871,0.1034482758620689,0.0,0.0064962538845345,0.0,0.04,1
1.0,1.0,0.0,0.0,0.0,0.0739944575417897,0.68,0.0003181818181818,0.0002946516918542,0.1269225861156167,0.8250497017892644,0.0483870967741935,0.1379310344827586,0.0,0.0026659668370367,0.0769230769230769,0.0,1
0.0,0.0,0.0,1.0,0.0,0.0594056207482511,0.18,0.0004318181818181,0.0003683146148177,0.0565454407394205,0.8141153081510933,0.1612903225806451,0.1034482758620689,0.0,0.1552130373139344,0.0,0.08,1
0.0,0.0,0.0,1.0,0.0,0.0800571455376341,0.48,0.0003545454545454,0.0006722478349654,0.0713452935134074,0.8836978131212723,0.1290322580645161,0.2068965517241379,0.0,0.0336180658458603,0.0,0.0,1
0.0,1.0,0.0,0.0,0.0,0.0391362871184726,0.1999999999999999,7.018181818181818e-05,7.366292296355545e-05,0.0343990521007127,0.7017892644135189,0.0161290322580645,0.1034482758620689,0.0,0.0,0.0,0.0,0
1.0,1.0,0.0,0.0,0.0,0.0231622154808069,0.56,0.0001727272727272,0.0002651865226687,0.0454818698969207,0.73558648111332,0.0967741935483871,0.1034482758620689,0.0,0.0277708612705108,0.0,0.12,1
0.0,0.0,0.0,1.0,0.0,0.0221253193275047,0.54,0.0002272727272727,0.0002946516918542,0.0479660452097759,0.8499005964214711,0.2419354838709677,0.5172413793103449,0.0,0.148851842013461,0.0,0.24,0
1.0,1.0,0.0,0.0,0.0,0.0028565758814917,0.16,9.09090909090909e-05,8.839550755626654e-05,0.0123805370585592,0.7147117296222664,0.0483870967741935,0.1034482758620689,0.0,0.0023574443843472,0.0,0.08,0
1.0,0.0,0.0,0.0,1.0,0.019277505948717,0.84,5.454545454545455e-05,0.0,0.0174743883687231,0.8737574552683897,0.1290322580645161,0.0689655172413793,0.0,0.003032097216577,0.0,0.24,1
1.0,1.0,0.0,0.0,0.0,0.0218749746252525,0.26,9.09090909090909e-05,8.839550755626654e-05,0.0430596539555917,0.7614314115308151,0.0161290322580645,0.0689655172413793,0.0,5.696783877461539e-05,0.0,0.04,0
1.0,1.0,0.0,0.0,0.0,0.0893775275804153,0.2199999999999999,4.545454545454545e-05,0.0001261109241136,0.1536979989495909,0.7753479125248508,0.0967741935483871,0.1034482758620689,0.0,0.0067177243588717,0.1538461538461538,0.04,0
0.0,0.0,0.0,1.0,0.0,0.1805898940186981,0.4599999999999999,0.0075250641818181,0.0148717490287513,0.1673770462412017,0.0069582504970178,0.0,0.0,0.0,0.0092441519953145,0.0,0.0,0
1.0,0.0,0.0,1.0,0.0,0.0277233902216428,0.7799999999999999,0.0002272727272727,0.0002946516918542,0.149656402327774,0.8369781312127236,0.0967741935483871,0.1724137931034483,0.0,0.0625513270626038,0.0,0.04,1
1.0,1.0,0.0,0.0,0.0,0.0465785435400289,0.4,0.0002085454545454,9.59091256985492e-05,0.0842280969666801,0.8419483101391649,0.0806451612903225,0.1034482758620689,0.0,0.0,0.0,0.0,1
0.0,1.0,0.0,0.0,0.0,0.0076817940371402,0.06,9.09090909090909e-05,7.366292296355545e-06,0.0141230455113994,0.7345924453280318,0.0483870967741935,0.1379310344827586,0.0,0.0039627852792544,0.0769230769230769,0.04,0
0.0,1.0,0.0,0.0,0.0,0.2365875730069819,0.86,0.000269409090909,0.000268722342971,0.1571766880896686,0.8170974155069582,0.0483870967741935,0.0344827586206896,0.0,0.0277497383639988,0.0,0.04,1
1.0,1.0,0.0,0.0,0.0,0.1023898440957993,0.3399999999999999,0.0001363636363636,0.0001473258459271,0.1726786591886538,0.7833001988071571,0.1290322580645161,0.1379310344827586,0.0,0.0068271794198881,0.0,0.08,1
0.0,1.0,0.0,0.0,0.0,0.0164939509230916,0.86,7.727272727272727e-05,5.893033837084436e-05,0.0153777886990324,0.8001988071570576,0.0483870967741935,0.1034482758620689,0.0,0.0020482818435816,0.0,0.08,1
0.0,0.0,0.0,1.0,0.0,0.0358873263658974,0.38,0.0001136363636363,0.0002062561842979,0.0387910487427784,0.7137176938369781,0.0806451612903225,0.1034482758620689,0.0,0.045814304048237,0.0769230769230769,0.04,1
1.0,0.0,0.0,1.0,0.0,0.0744172775055982,0.4599999999999999,0.0004545454545454,0.0005893033837084,0.077914305179698,0.7733598409542743,0.1129032258064516,0.1724137931034483,0.0,0.0063688763573867,0.0,0.2,0
1.0,0.0,0.0,1.0,0.0,0.0619985329233806,0.64,0.0002072727272727,0.0001168293958201,0.0612823006068327,0.8131212723658051,0.0806451612903225,0.0344827586206896,0.0,0.0164080177432414,0.0,0.12,1
1.0,0.0,0.0,1.0,0.0,0.0365360144410717,0.42,0.00015,0.0002062561842979,0.0318632000354354,0.8717693836978131,0.1290322580645161,0.0344827586206896,0.0,0.023011806424564,0.0,0.28,1
0.0,1.0,0.0,0.0,0.0,0.0505275114252812,0.66,0.0001363636363636,0.0001178606767416,0.0382866730928641,0.7902584493041749,0.1129032258064516,0.2758620689655172,0.0,0.0018376928665384,0.0,0.0,0
1.0,0.0,0.0,1.0,0.0,0.0485359698107246,0.52,9.09090909090909e-05,0.0001915235997052,0.0464671557326392,0.8230616302186878,0.064516129032258,0.0689655172413793,0.0,0.0024297743369487,0.0,0.08,1
0.0,1.0,0.0,0.0,0.0,0.0367440946719485,0.98,0.0001,0.0001473258459271,0.0151845281912503,0.893638170974155,0.1451612903225806,0.1034482758620689,0.0,0.0217066668373568,0.0769230769230769,0.0,1
0.0,1.0,0.0,0.0,0.0,0.0135409875118563,0.0999999999999999,6.818181818181818e-05,7.366292296355545e-05,0.0210888608123585,0.7862823061630219,0.032258064516129,0.1379310344827586,0.0,0.0002976409553954,0.0769230769230769,0.04,1
0.0,0.0,0.0,1.0,0.0,0.0865437342059539,0.5,0.000599409090909,0.001119676429046,0.0902397379461338,0.8777335984095427,0.1451612903225806,0.1034482758620689,0.0,0.2853935101469962,0.0769230769230769,0.0,1
1.0,0.0,0.0,1.0,0.0,0.0215536244427559,0.58,0.0001363636363636,0.0002209887688906,0.0215684527136622,0.8190854870775347,0.0,0.0689655172413793,0.0,0.0092441519953145,0.0,0.0,1
0.0,1.0,0.0,0.0,0.0,0.0187809641288258,0.92,0.0001908636363636,5.893033837084436e-05,0.0392036717914537,0.8618290258449304,0.0806451612903225,0.0689655172413793,0.0,0.0082187308973714,0.0769230769230769,0.04,1
1.0,1.0,0.0,0.0,0.0,0.0668871039735788,0.28,0.0001818181818181,2.209887688906664e-05,0.0295055800346339,0.7803180914512922,0.1612903225806451,0.2068965517241379,0.0,0.0102849352070844,0.1538461538461538,0.12,1
0.0,1.0,0.0,0.0,0.0,0.0074481272983679,0.42,0.0001004545454545,8.869015924812076e-05,0.0082999192155258,0.8658051689860834,0.064516129032258,0.0689655172413793,0.0,0.0206165968437256,0.2307692307692307,0.04,1
0.0,1.0,0.0,0.0,0.0,0.002920834234654,0.06,6.818181818181818e-05,8.839550755626654e-05,0.011264213743485,0.7296222664015904,0.064516129032258,0.3103448275862069,0.0,0.0001107352371686,0.0,0.08,0
0.0,1.0,0.0,0.0,0.0,0.0549408919538435,0.7000000000000001,0.0005913636363636,0.000901339525382,0.0980429275618486,0.7833001988071571,0.1290322580645161,0.1034482758620689,0.0,0.1161862272248661,0.0,0.0,1
0.0,1.0,0.0,0.0,0.0,0.0128955707710248,0.58,0.0002045454545454,0.0002651865226687,0.0122856205745189,0.7584493041749503,0.1129032258064516,0.2068965517241379,0.0,0.017554415487571,0.0,0.0,1
1.0,1.0,0.0,0.0,0.0,0.0283423442043083,0.5,6.818181818181818e-05,7.366292296355545e-05,0.0394058966338396,0.7266401590457257,0.1129032258064516,0.0689655172413793,0.0,0.0031261901637665,0.1538461538461538,0.12,1
0.0,1.0,0.0,0.0,0.0,0.003621834450971,0.32,9.09090909090909e-05,0.0,0.0135843944644706,0.794234592445328,0.0483870967741935,0.1379310344827586,0.0,0.0003526885299417,0.0,0.04,1
1.0,1.0,0.0,0.0,0.0,0.0554958504584278,0.28,0.0003636363636363,0.0002209887688906,0.0983197673069662,0.7554671968190855,0.0967741935483871,0.1034482758620689,0.0,0.0006797735368386,0.0769230769230769,0.0,0
1.0,1.0,0.0,0.0,0.0,0.1805075557016232,0.4599999999999999,0.0001818181818181,0.0004419775377813,0.2992315983303136,0.7743538767395626,0.1129032258064516,0.1034482758620689,0.0,0.0045951922984602,0.0,0.12,1
1.0,1.0,0.0,0.0,0.0,0.0496541819891196,0.3399999999999999,0.0001590909090909,0.0001473258459271,0.08750007909707,0.8290258449304174,0.1451612903225806,0.1724137931034483,0.0,0.0713186134412095,0.0,0.0,1
1.0,1.0,0.0,0.0,0.0,0.1309640149133122,0.2199999999999999,0.0002,5.893033837084436e-05,0.0430116683997713,0.7385685884691848,0.064516129032258,0.1379310344827586,0.0,0.0042892301980752,0.0,0.04,0
0.0,0.0,0.0,1.0,0.0,0.0166167427943165,0.32,0.0002104545454545,0.0001872511501733,0.0175205283262427,0.7952286282306162,0.0806451612903225,0.3448275862068966,0.0,0.0022665518775383,0.0,0.04,0
0.0,1.0,0.0,0.0,0.0,0.1117044428867959,0.52,0.0001245454545454,0.0001563127225286,0.0977639785615301,0.8190854870775347,0.0806451612903225,0.1034482758620689,0.0,0.0116284800788588,0.0,0.04,1
0.0,0.0,0.0,1.0,0.0,0.1069952986836325,0.86,0.000140909090909,0.0002357213534833,0.0912440070786604,0.8101391650099403,0.0967741935483871,0.0344827586206896,0.0,0.0019631501294578,0.0,0.12,1
0.0,1.0,0.0,0.0,0.0,0.0065718770279717,0.7400000000000001,7.90909090909091e-05,7.322094542577412e-05,0.0189012995121292,0.7624254473161033,0.1451612903225806,0.1379310344827586,0.0,0.0054842746361899,0.0769230769230769,0.16,1
1.0,1.0,0.0,0.0,0.0,0.0077110023794868,0.26,0.0001136363636363,0.0001178606767416,0.0202087740797846,0.7196819085487077,0.064516129032258,0.0689655172413793,0.0,0.0029136809224949,0.0,0.08,0
0.0,1.0,0.0,0.0,0.0,0.0046645722727425,0.58,8.181818181818182e-05,7.366292296355545e-05,0.0037871677132087,0.742544731610338,0.0483870967741935,0.4482758620689655,0.0,0.0531157887325296,0.0,0.0,0
0.0,1.0,0.0,0.0,0.0,0.058863572330984,0.26,9.09090909090909e-05,8.839550755626654e-05,0.0175529581249564,0.7803180914512922,0.0483870967741935,0.1034482758620689,0.0,0.0,0.0,0.04,1
0.0,1.0,0.0,0.0,0.0,0.1073713268830019,0.2199999999999999,0.0001363636363636,0.0001178606767416,0.040051856039114,0.742544731610338,0.0483870967741935,0.3103448275862069,0.0,0.001932425901804,0.0,0.0,0
1.0,1.0,0.0,0.0,0.0,0.0466369310163796,0.16,0.0001090909090909,8.544899063772432e-05,0.0202823343549159,0.8041749502982107,0.0,0.1379310344827586,0.0,0.0092441519953145,0.0,0.0,0
0.0,1.0,0.0,0.0,0.0,0.0899173269553218,0.36,0.0001695454545454,0.0001418747896278,0.0320994366179358,0.7654075546719682,0.1612903225806451,0.1034482758620689,0.0,0.0417759883760005,0.0,0.0,1
1.0,1.0,0.0,0.0,0.0,0.0131437540559434,0.98,0.0001136363636363,3.6831461481777725e-05,0.0288427465877523,0.7783300198807157,0.064516129032258,0.0689655172413793,0.0,0.0001260973509954,0.0,0.08,0
1.0,1.0,0.0,0.0,0.0,0.0032821706378231,0.7999999999999999,9.09090909090909e-05,0.0001473258459271,0.0131311682531781,0.7445328031809144,0.0806451612903225,0.1034482758620689,0.0,0.0097447008708398,0.1538461538461538,0.04,1
0.0,1.0,0.0,0.0,0.0,0.030195584317854,0.16,0.0001990909090909,0.0001240483622706,0.0338429996983765,0.8439363817097415,0.032258064516129,0.2068965517241379,0.0,0.0089631533298981,0.0,0.0,1
1.0,1.0,0.0,0.0,0.0,0.0299093425628579,0.38,0.0001818181818181,0.0002209887688906,0.0561162073060381,0.7902584493041749,0.0806451612903225,0.1034482758620689,0.0,0.0081700842035864,0.0769230769230769,0.0,0
0.0,1.0,0.0,0.0,0.0,0.0035809427716859,0.4599999999999999,0.0001056818181818,5.745707991157325e-05,0.0139503502418261,0.6878727634194831,0.1290322580645161,0.1379310344827586,0.0,0.011006954556947,0.0,0.2,0
0.0,0.0,0.0,1.0,0.0,0.0129860874239568,0.24,0.0001636363636363,0.0002209887688906,0.0136996125298195,0.8240556660039761,0.0483870967741935,0.2758620689655172,0.0,0.0974924549618027,0.1538461538461538,0.04,1
0.0,1.0,0.0,0.0,0.0,0.0115372952268836,0.32,0.0001136363636363,7.366292296355545e-05,0.0263986471237141,0.7385685884691848,0.0483870967741935,0.3448275862068966,0.0,0.0020316395536025,0.0,0.04,0
0.0,1.0,0.0,0.0,0.0,0.0438125135198114,0.44,0.0002454545454545,0.0002209887688906,0.0387064148778424,0.7972166998011928,0.0806451612903225,0.1724137931034483,0.0,0.0617588980243681,0.0,0.0,1
0.0,1.0,0.0,0.0,0.0,0.0496541819891196,0.24,0.0001136363636363,8.839550755626654e-05,0.0257845902033532,0.7455268389662028,0.1129032258064516,0.2413793103448275,0.0,0.0246229081121562,0.0769230769230769,0.04,0
0.0,1.0,0.0,0.0,0.0,0.0372289531549011,0.64,5.909090909090909e-05,9.576179985262208e-05,0.0327941725497309,0.8737574552683897,0.0483870967741935,0.0689655172413793,0.0,0.0032222033751844,0.0,0.04,1
0.0,1.0,0.0,0.0,0.0,0.0568978508910618,0.28,0.0002272727272727,0.0003683146148177,0.0495651243089552,0.7852882703777335,0.0967741935483871,0.0689655172413793,0.0,0.0024476968030801,0.0,0.04,1
0.0,1.0,0.0,0.0,0.0,0.1032427276923183,0.16,0.0001,2.946516918542218e-05,0.0779406708697092,0.820079522862823,0.0806451612903225,0.2068965517241379,0.0,0.0234899522174251,0.0,0.0,0
0.0,1.0,0.0,0.0,0.0,0.029655229984443,0.18,0.0001590909090909,0.0001620584305198,0.0264590245538397,0.7435387673956262,0.1451612903225806,0.2068965517241379,0.0,0.0395696047776174,0.1538461538461538,0.08,1
0.0,0.0,0.0,1.0,0.0,0.08102624912835,0.4599999999999999,0.0009295307272727,0.0007203068518394,0.126447740038515,0.0069582504970178,0.0,0.0,0.0,0.0092441519953145,0.0,0.0,0
1.0,1.0,0.0,0.0,0.0,0.0091130028121207,0.58,9.09090909090909e-05,7.366292296355545e-05,0.0225439832440766,0.7524850894632207,0.2258064516129032,0.2758620689655172,0.0,0.0668047123284164,0.2307692307692307,0.32,1
0.0,1.0,0.0,0.0,0.0,0.0131437540559434,0.58,6.363636363636364e-05,2.150957350535819e-05,0.0043769681987593,0.8071570576540755,0.064516129032258,0.2758620689655172,0.0,0.0035019218644485,0.1538461538461538,0.0,1
0.0,0.0,0.0,1.0,0.0,0.6291481614779701,0.4599999999999999,0.0054422218181818,0.0011241071065364,0.6594633843843402,0.0069582504970178,0.0,0.0,0.0,0.0092441519953145,0.0,0.0,1
0.0,0.0,0.0,0.0,1.0,0.1548042144366672,0.16,0.0001777272727272,0.0003223489508885,0.0767104477737866,0.7673956262425446,0.032258064516129,0.1379310344827586,0.0,0.0235725235792445,0.0,0.0,1
0.0,0.0,0.0,1.0,0.0,0.036935380105976,0.32,0.0003545454545454,0.0006629663066719,0.0357149636891717,0.7783300198807157,0.1290322580645161,0.0344827586206896,0.0,0.1363458011822426,0.0,0.0,1
0.0,1.0,0.0,0.0,0.0,0.017174505299766,0.3,0.0001195454545454,7.130570942872168e-05,0.0073610369942269,0.7385685884691848,0.0483870967741935,0.0689655172413793,0.0,0.0127550350928287,0.1538461538461538,0.0,1
1.0,1.0,0.0,0.0,0.0,0.0444818518930247,0.62,0.0001922727272727,8.264979956510922e-05,0.0810942710519488,0.904572564612326,0.0806451612903225,0.1724137931034483,0.0,0.0019260250210428,0.0,0.08,1
1.0,0.0,0.0,1.0,0.0,0.0221253193275047,0.42,0.0002272727272727,0.0002946516918542,0.0480290592089027,0.8389662027833001,0.2096774193548387,0.0689655172413793,0.0,0.0262512921778036,0.0,0.08,1
0.0,0.0,0.0,1.0,0.0,0.0343141942554551,0.32,0.0001727272727272,0.0002209887688906,0.0333251775465565,0.8250497017892644,0.1451612903225806,0.1379310344827586,0.0,0.0204885792285018,0.1538461538461538,0.08,1
0.0,1.0,0.0,0.0,0.0,0.0354852151168126,0.6,5.909090909090909e-05,6.62966306671999e-05,0.0269715735676575,0.7783300198807157,0.0967741935483871,0.1379310344827586,0.0,0.0053754596632496,0.0,0.08,1
0.0,0.0,0.0,1.0,0.0,0.0400601469868937,0.42,0.0001845454545454,0.0001893137120163,0.0400856041223283,0.7852882703777335,0.0967741935483871,0.0344827586206896,0.0,0.0307952774301743,0.0,0.08,1
0.0,1.0,0.0,0.0,0.0,0.0230745904537673,0.4599999999999999,8.340909090909091e-05,3.417959625508973e-05,0.0336821689893081,0.7673956262425446,0.0806451612903225,0.0689655172413793,0.0,0.0104609594280172,0.0,0.08,1
0.0,0.0,0.0,1.0,0.0,0.0149259886892446,0.58,7.09090909090909e-05,9.443586723927808e-05,0.0161993435997814,0.8359840954274353,0.064516129032258,0.1034482758620689,0.0,0.0357636410770122,0.0,0.08,1
0.0,0.0,0.0,1.0,0.0,0.0326476830745308,0.66,0.0001136363636363,0.0001473258459271,0.0317318988991797,0.9085487077534792,0.1129032258064516,0.1724137931034483,0.0,0.0056865424682436,0.0769230769230769,0.04,1
1.0,1.0,0.0,0.0,0.0,0.0087625027039622,0.32,0.0003636363636363,0.0003683146148177,0.0220224698956551,0.820079522862823,0.2096774193548387,0.5862068965517241,0.0,0.0659706775652329,0.0,0.04,1
1.0,0.0,0.0,1.0,0.0,0.1066979869668871,0.1999999999999999,0.0001818181818181,0.0001473258459271,0.1109375955756263,0.7614314115308151,0.0806451612903225,0.1034482758620689,0.0,0.0463116524833817,0.0,0.08,0
0.0,1.0,0.0,0.0,0.0,0.0521733723081664,0.84,0.0001504545454545,9.576179985262208e-06,0.0466685896043248,0.8399602385685884,0.1129032258064516,0.0689655172413793,0.0,0.0,0.0,0.04,1
0.0,1.0,0.0,0.0,0.0,0.0250578368990975,0.0999999999999999,5.681818181818182e-05,5.893033837084436e-05,0.0191277807893254,0.7445328031809144,0.064516129032258,0.1034482758620689,0.0,0.0017960871415906,0.0,0.04,1
1.0,1.0,0.0,0.0,0.0,0.037094594780107,0.24,0.0003636363636363,0.0008839550755626,0.0500755640675721,0.478131212723658,0.064516129032258,0.2413793103448275,0.0464337003350885,0.0321605852965368,0.0,0.04,0
1.0,1.0,0.0,0.0,0.0,0.0797658507394121,0.4599999999999999,0.0002272727272727,0.0002799191072615,0.1366011672618282,0.7693836978131212,0.2419354838709677,0.3103448275862069,0.0,0.0919467318703053,0.0,0.04,1
1.0,1.0,0.0,0.0,0.0,0.0451560972677523,0.48,0.0001054545454545,4.979613592336348e-05,0.0290072684934222,0.8041749502982107,0.0161290322580645,0.0344827586206896,0.0,0.005007409019481,0.0,0.04,0
1.0,1.0,0.0,0.0,0.0,0.0312499762682218,0.4,0.0001638636363636,0.0003093842764469,0.0126320657412661,0.7137176938369781,0.1290322580645161,0.1724137931034483,0.0,0.0823793353965505,0.0,0.0,0
1.0,1.0,0.0,0.0,0.0,0.025087045241444,0.7000000000000001,5e-05,1.473258459271109e-05,0.0224936247761552,0.7137176938369781,0.1129032258064516,0.0689655172413793,0.0,0.001760242209328,0.0,0.2,1
0.0,1.0,0.0,0.0,0.0,0.0097789530176219,0.3,7.886363636363637e-05,0.0001244903398084,0.0239176356936602,0.7773359840954274,0.1129032258064516,0.0689655172413793,0.0,0.0316056289345413,0.0,0.16,1
1.0,1.0,0.0,0.0,0.0,0.0350500108158491,0.7799999999999999,0.0001590909090909,7.366292296355545e-05,0.0309258997555373,0.7554671968190855,0.2741935483870967,0.2758620689655172,0.0,0.0364568564634493,0.0,0.24,1
0.0,1.0,0.0,0.0,0.0,0.0740676536477101,0.26,0.0001227272727272,8.839550755626654e-05,0.0229268130630393,0.7922465208747514,0.1290322580645161,0.2413793103448275,0.0,0.0824273420022595,0.0769230769230769,0.0,1
1.0,1.0,0.0,0.0,0.0,0.1767255134928813,0.7799999999999999,0.0009090909090909,0.0001473258459271,0.2920988882115836,0.8469184890656063,0.0806451612903225,0.2068965517241379,0.0,0.0145869671666821,0.0,0.0,1
1.0,1.0,0.0,0.0,0.0,0.0386105077478925,0.26,0.0001136363636363,0.0001473258459271,0.0293223384890561,0.7932405566600397,0.1129032258064516,0.3448275862068966,0.0,0.0048851521969422,0.0,0.12,0
0.0,1.0,0.0,0.0,0.0,0.0146041711732704,0.4599999999999999,0.0001136363636363,0.0001473258459271,0.0134852594700285,0.7673956262425446,0.032258064516129,0.1724137931034483,0.0,0.0008820413688923,0.0769230769230769,0.04,1
0.0,1.0,0.0,0.0,0.0,0.0262845872776522,0.0399999999999999,5.454545454545455e-05,4.419775377813327e-05,0.0200505799397174,0.7107355864811132,0.0161290322580645,0.0689655172413793,0.0,6.65691599164045e-05,0.0,0.0,0
1.0,1.0,0.0,0.0,0.0,0.1366862796791078,0.32,0.0003636363636363,0.0002946516918542,0.2125090434316738,0.8031809145129224,0.064516129032258,0.1379310344827586,0.0,0.0510591857439583,0.0,0.0,0
1.0,1.0,0.0,0.0,0.0,0.011914082843154,0.0999999999999999,7.272727272727273e-05,1.473258459271109e-05,0.0112613135175838,0.7773359840954274,0.064516129032258,0.1034482758620689,0.0,0.0007188189094819,0.0,0.04,0
0.0,1.0,0.0,0.0,0.0,0.0602553206354543,0.32,7.727272727272727e-05,5.893033837084436e-05,0.0264447870812337,0.7852882703777335,0.0967741935483871,0.2758620689655172,0.0,0.0012123268161699,0.0,0.08,0
0.0,0.0,0.0,1.0,0.0,0.0433471954178887,1.0,0.000140909090909,0.0002799191072615,0.0376536328756952,0.8260437375745526,0.0967741935483871,0.1034482758620689,0.0,0.033251295378244,0.0,0.04,1
1.0,1.0,0.0,0.0,0.0,0.0287906630509854,0.7200000000000001,0.0001136363636363,7.366292296355545e-05,0.0541021322460825,0.8469184890656063,0.1129032258064516,0.0,0.0,0.0036881874945992,0.0,0.04,1
0.0,0.0,0.0,1.0,0.0,0.0393987532827986,0.28,6.136363636363636e-05,0.0001031280921489,0.0378645583957848,0.9691848906560636,0.0806451612903225,0.0344827586206896,0.0374980054252433,0.0007092175883401,0.0769230769230769,0.08,1
1.0,0.0,0.0,1.0,0.0,0.0472770902555887,0.48,0.0001818181818181,0.0002946516918542,0.0409153323869808,0.8190854870775347,0.1451612903225806,0.0344827586206896,0.0,0.0394268651366428,0.0,0.08,1
0.0,1.0,0.0,0.0,0.0,0.0408916792851573,0.58,0.0001590909090909,8.839550755626654e-05,0.0357584670776902,0.7495029821073558,0.2741935483870967,0.2068965517241379,0.0,0.0376544612538685,0.0769230769230769,0.16,1
1.0,1.0,0.0,0.0,0.0,0.0298509258781648,0.6,5.909090909090909e-05,6.187685528938658e-05,0.0267474652025623,0.7137176938369781,0.0806451612903225,0.0,0.0,0.0010222206575624,0.0,0.16,1
1.0,0.0,0.0,1.0,0.0,0.0126296872306443,0.2199999999999999,0.0002272727272727,0.0002946516918542,0.0552295291509615,0.7385685884691848,0.0967741935483871,0.3103448275862069,0.0,0.0345385124993199,0.0,0.04,0
0.0,1.0,0.0,0.0,0.0,0.0204458396425786,0.98,0.0001818181818181,0.0003683146148177,0.0407434280881078,0.768389662027833,0.064516129032258,0.1034482758620689,0.0,0.0048045010993512,0.0,0.0,1
1.0,1.0,0.0,0.0,0.0,0.0289635764376769,0.54,0.0002336363636363,0.000402052233535,0.0559269016517577,0.742544731610338,0.0967741935483871,0.1034482758620689,0.0,0.0420083403476318,0.0,0.12,1
0.0,1.0,0.0,0.0,0.0,0.0175746595899137,0.7600000000000001,4.545454545454545e-05,7.366292296355545e-05,0.0262132963229354,0.8300198807157058,0.1774193548387097,0.0344827586206896,0.0,0.0359377450337166,0.0769230769230769,0.08,1
1.0,1.0,0.0,0.0,0.0,0.0439205843864936,0.06,6.59090909090909e-05,4.272449531886216e-05,0.0798796037131328,0.7534791252485089,0.032258064516129,0.0689655172413793,0.0,0.0008807611927401,0.0,0.04,0
1.0,0.0,0.0,1.0,0.0,0.0097250928343348,0.92,8.181818181818182e-05,0.0001178606767416,0.012389501393163,0.7743538767395626,0.0161290322580645,0.0689655172413793,0.0,0.0,0.0,0.0,0
1.0,1.0,0.0,0.0,0.0,0.0575258302515124,0.3,0.0003636363636363,0.0004419775377813,0.0500950746781803,0.8111332007952285,0.0806451612903225,0.1724137931034483,0.0,0.0046118345884393,0.0,0.04,0
0.0,1.0,0.0,0.0,0.0,0.151883380202013,0.24,0.0003863636363636,0.0002946516918542,0.0499413627054151,0.7495029821073558,0.5,0.1034482758620689,0.0,0.0387707748586205,0.0,0.0,1
1.0,1.0,0.0,0.0,0.0,0.0801378481875376,0.7200000000000001,0.0001363636363636,0.0001915235997052,0.0472067133374534,0.7932405566600397,0.0967741935483871,0.1034482758620689,0.0,0.0125681293746019,0.0,0.04,0
0.0,0.0,0.0,1.0,0.0,0.006994346491672,0.1999999999999999,9.545454545454546e-05,0.0001325932613343,0.0069890171081689,0.7932405566600397,0.032258064516129,0.2758620689655172,0.0,0.0,0.0,0.0,0
1.0,1.0,0.0,0.0,0.0,0.0446624762820958,0.36,3.636363636363637e-05,2.946516918542218e-05,0.0391525223528319,0.7952286282306162,0.0806451612903225,0.1034482758620689,0.0,0.0044844570612916,0.0,0.16,1
0.0,1.0,0.0,0.0,0.0,0.0367645405115911,0.08,8.181818181818182e-05,8.839550755626654e-05,0.0670047099668636,0.7405566600397614,0.0967741935483871,0.3793103448275862,0.0,0.0004685444717193,0.0,0.2,0
0.0,1.0,0.0,0.0,0.0,0.0267256332470849,0.42,6.818181818181818e-05,6.62966306671999e-05,0.0154321020204555,0.8479125248508946,0.0161290322580645,0.0689655172413793,0.0,0.0008730801358266,0.0,0.0,1
0.0,1.0,0.0,0.0,0.0,0.0287906630509854,0.16,5.454545454545455e-05,5.893033837084436e-05,0.0255393892862491,0.742544731610338,0.032258064516129,0.1034482758620689,0.0,0.0001843453659223,0.0,0.04,1
1.0,1.0,0.0,0.0,0.0,0.0476388063672083,0.38,0.0003181818181818,0.0004419775377813,0.0416854741922079,0.7485089463220675,0.1612903225806451,0.1034482758620689,0.0,0.1392684433378033,0.0769230769230769,0.0,1
1.0,1.0,0.0,0.0,0.0,0.1092392003760632,0.86,0.0007272727272727,0.0007366292296355,0.1851164097945374,0.8459244532803181,0.0806451612903225,0.2068965517241379,0.0,0.0183116396816201,0.0,0.08,0
0.0,1.0,0.0,0.0,0.0,0.0983035970015183,0.3,0.0005694995,0.0006713638798898,0.1656276827089586,0.7783300198807157,0.0967741935483871,0.1379310344827586,0.0,0.0206601228329018,0.0,0.04,1
0.0,1.0,0.0,0.0,0.0,0.0335866728642874,0.5,0.0001136363636363,3.6831461481777725e-05,0.029635299229489,0.7604373757455268,0.0483870967741935,0.0689655172413793,0.0,0.0003091625407656,0.0,0.08,1
1.0,0.0,0.0,1.0,0.0,0.0246011352581669,0.2199999999999999,0.0002272727272727,0.0002946516918542,0.1360793902565065,0.709741550695825,0.0967741935483871,0.0,0.0,0.0741202789503835,0.0,0.16,0
0.0,1.0,0.0,0.0,0.0,0.0204458396425786,0.36,0.0001272727272727,0.0001001815752304,0.0184612561458423,0.8250497017892644,0.032258064516129,0.2068965517241379,0.0,0.0023920091404577,0.0,0.0,1
1.0,1.0,0.0,0.0,0.0,0.0207843059136904,0.44,0.0001818181818181,0.0001767910151125,0.0192137329387619,0.7157057654075546,0.1774193548387097,0.0689655172413793,0.0,0.0575861638561466,0.0,0.12,1
1.0,1.0,0.0,0.0,0.0,0.0870846727062119,0.28,0.0001818181818181,0.0001178606767416,0.0391717693065401,0.7435387673956262,0.0967741935483871,0.1379310344827586,0.0,0.0277529388043794,0.0,0.0,0
0.0,1.0,0.0,0.0,0.0,0.0308410886837126,0.26,0.0001181818181818,0.0001031280921489,0.0174728064273224,0.7922465208747514,0.064516129032258,0.1379310344827586,0.0,0.0272056634992975,0.0,0.04,1
1.0,0.0,0.0,1.0,0.0,0.0674303499328821,0.54,0.0002272727272727,0.0004419775377813,0.0707657756469613,0.8021868787276342,0.1451612903225806,0.2068965517241379,0.0,0.0313361518544951,0.0769230769230769,0.12,1
0.0,1.0,0.0,0.0,0.0,0.0671061665411778,0.32,0.0001590909090909,0.0001473258459271,0.0583327708652797,0.831013916500994,0.1451612903225806,0.1724137931034483,0.0,0.0581923272642315,0.0,0.0,1
0.0,1.0,0.0,0.0,0.0,0.0089085444156949,0.08,5.454545454545455e-05,2.946516918542218e-05,0.0224609313205414,0.7574552683896619,0.0161290322580645,0.1724137931034483,0.0,0.0,0.0,0.0,0
1.0,0.0,0.0,1.0,0.0,0.0482992654043483,0.7799999999999999,0.0002727272727272,0.0004419775377813,0.0514674088432633,0.8618290258449304,0.1290322580645161,0.1379310344827586,0.0,0.0168906441526354,0.0,0.0,1
1.0,0.0,0.0,1.0,0.0,0.0077675205219273,0.58,0.0001136363636363,0.0002209887688906,0.0061213222499003,0.798210735586481,0.032258064516129,0.1034482758620689,0.0,0.0,0.0769230769230769,0.0,1
1.0,1.0,0.0,0.0,0.0,0.0554958504584278,0.1999999999999999,0.0002727272727272,0.0005893033837084,0.0970304850654185,0.8449304174950297,0.1451612903225806,0.1379310344827586,0.0,0.0767734440258979,0.0,0.08,1
0.0,1.0,0.0,0.0,0.0,0.0788625243356606,0.18,0.0001136363636363,5.156404607448882e-05,0.0687108337674883,0.7753479125248508,0.0161290322580645,0.1034482758620689,0.0,0.0078007533836655,0.0,0.0,1
0.0,0.0,0.0,1.0,0.0,0.0202898086777634,0.7000000000000001,0.0001545454545454,0.0002062561842979,0.0231053087844151,0.8548707753479124,0.0,0.0344827586206896,0.0,0.0092441519953145,0.0,0.0,1
0.0,1.0,0.0,0.0,0.0,0.013578637065141,0.0399999999999999,6.818181818181818e-05,8.839550755626654e-05,0.0296880306095114,0.7405566600397614,0.0161290322580645,0.2068965517241379,0.0,0.0,0.0,0.0,0
0.0,1.0,0.0,0.0,0.0,0.0227795861960673,0.14,7.059090909090909e-05,5.67204506819377e-05,0.021530222463146,0.7157057654075546,0.064516129032258,0.1034482758620689,0.0,0.0099469687028935,0.0769230769230769,0.04,1
1.0,1.0,0.0,0.0,0.0,0.063516461266788,0.84,0.0001818181818181,0.0002209887688906,0.0551169476546136,0.8598409542743538,0.0806451612903225,0.0689655172413793,0.0,0.0363403604335956,0.0,0.04,1
0.0,1.0,0.0,0.0,0.0,0.0481937648717926,0.6,9.09090909090909e-05,7.366292296355545e-05,0.0365312454519184,0.7395626242544732,0.1129032258064516,0.0689655172413793,0.0,0.0209840073994181,0.1538461538461538,0.0,1
1.0,1.0,0.0,0.0,0.0,0.0251191744180252,0.02,0.0002272727272727,0.0002946516918542,0.0482352389047903,0.7773359840954274,0.032258064516129,0.1034482758620689,0.0,0.000542154600473,0.0,0.0,0
0.0,1.0,0.0,0.0,0.0,0.0256741329226095,0.44,0.0002736363636363,0.0003936546603172,0.0498337906901694,0.856858846918489,0.2096774193548387,0.2068965517241379,0.0,0.0843488864067695,0.0,0.0,1
0.0,1.0,0.0,0.0,0.0,0.0082586587984844,0.08,9.09090909090909e-05,4.419775377813327e-05,0.0210342838340353,0.7435387673956262,0.0483870967741935,0.0689655172413793,0.0,0.0028119069183919,0.0,0.04,1
0.0,1.0,0.0,0.0,0.0,0.0350500108158491,0.32,0.0001136363636363,5.893033837084436e-05,0.0309691394871556,0.7813121272365805,0.064516129032258,0.1034482758620689,0.0,0.0532502072285146,0.0769230769230769,0.0,1
0.0,1.0,0.0,0.0,0.0,0.0204925729903331,0.42,9.09090909090909e-05,0.0001325932613343,0.0406727680388777,0.8021868787276342,0.0483870967741935,0.1379310344827586,0.0,0.0004166973375536,0.0,0.0,1
1.0,1.0,0.0,0.0,0.0,0.1047878490024504,0.7400000000000001,0.0002727272727272,0.0004125123685959,0.0901935979886142,0.805168986083499,0.0483870967741935,0.0689655172413793,0.0,0.0002771581369596,0.0,0.0,0
1.0,1.0,0.0,0.0,0.0,0.0826011921560178,0.54,0.0003636363636363,0.0003683146148177,0.1414179151699743,0.7743538767395626,0.1290322580645161,0.0689655172413793,0.0,0.0218871716748224,0.0,0.0,1
0.0,1.0,0.0,0.0,0.0,0.0227971112014752,0.4,0.0001590909090909,0.0001473258459271,0.0444275059533728,0.7654075546719682,0.1612903225806451,0.2758620689655172,0.0,0.041633888823102,0.0,0.04,0
0.0,1.0,0.0,0.0,0.0,0.0087478401161043,0.2199999999999999,0.0001045454545454,2.6813303958734185e-05,0.0224324563753293,0.7316103379721669,0.1451612903225806,0.1724137931034483,0.0,0.0014587607254758,0.0,0.16,0
0.0,1.0,0.0,0.0,0.0,0.0692500880777563,0.7400000000000001,0.0001363636363636,8.839550755626654e-05,0.0600771249164207,0.8061630218687872,0.032258064516129,0.2068965517241379,0.0,0.0023683258816413,0.0,0.04,0
0.0,0.0,0.0,1.0,0.0,0.0193779826463891,0.86,0.0001272727272727,5.1564046074488815e-06,0.0179748091651357,0.8041749502982107,0.032258064516129,0.1034482758620689,0.0,6.784933606864305e-05,0.0,0.04,1
1.0,1.0,0.0,0.0,0.0,0.0283750283393941,0.3399999999999999,0.0002727272727272,0.0004125123685959,0.0253440195232661,0.7773359840954274,0.2580645161290322,0.2758620689655172,0.0,0.056585066105096,0.1538461538461538,0.4,1
1.0,1.0,0.0,0.0,0.0,0.0403075124382265,0.52,0.0004090909090909,0.0005893033837084,0.0725770985507307,0.8578528827037772,0.064516129032258,0.0344827586206896,0.0,0.0,0.0,0.04,1
1.0,1.0,0.0,0.0,0.0,0.1504302651702726,0.56,0.0003636363636363,0.0001178606767416,0.1291518052060636,0.7952286282306162,0.0806451612903225,0.1034482758620689,0.0,0.0019836329478936,0.0,0.08,0
1.0,1.0,0.0,0.0,0.0,0.0865297142016276,0.0999999999999999,0.0001818181818181,0.0002946516918542,0.0744118869186101,0.7186878727634194,0.1451612903225806,0.2413793103448275,0.0,0.0032298844320978,0.0769230769230769,0.04,0
1.0,0.0,0.0,1.0,0.0,0.0288015577626807,0.3,0.0003636363636363,0.0004419775377813,0.0326069761506514,0.8330019880715706,0.0806451612903225,0.0689655172413793,0.0,0.0166909366728861,0.0,0.0,1
0.0,1.0,0.0,0.0,0.0,0.0457607683710104,0.44,0.0002272727272727,0.0003683146148177,0.0814074954492819,0.8031809145129224,0.0161290322580645,0.1034482758620689,0.0,6.720924799252377e-05,0.0,0.0,1
0.0,1.0,0.0,0.0,0.0,0.0626372901621571,0.7200000000000001,0.0001727272727272,0.0001546921382234,0.1089498862056819,0.8846918489065606,0.0806451612903225,0.1724137931034483,0.0,0.0235770041957773,0.0,0.0,1
0.0,1.0,0.0,0.0,0.0,0.0343080897119046,0.7999999999999999,0.0001272727272727,7.366292296355545e-05,0.0303864577379081,0.7972166998011928,0.064516129032258,0.1379310344827586,0.0,0.0013109003798922,0.0,0.04,1
0.0,1.0,0.0,0.0,0.0,0.004863189000699,0.82,0.0002727272727272,0.0006629663066719,0.0155707855499144,0.7335984095427435,0.1774193548387097,0.3448275862068966,0.0,0.0873278563130286,0.0,0.08,0
0.0,0.0,0.0,1.0,0.0,0.0700400276965185,0.3,0.0004090909090909,0.0004419775377813,0.0734819690319151,0.7713717693836978,0.1290322580645161,0.2413793103448275,0.0,0.0153237085422954,0.0,0.04,0
0.0,1.0,0.0,0.0,0.0,0.0134066291370623,0.06,5.909090909090909e-05,5.156404607448882e-05,0.0127243456563053,0.7475149105367793,0.0161290322580645,0.1379310344827586,0.0,0.0,0.0,0.04,0
0.0,1.0,0.0,0.0,0.0,0.1266576537511076,0.7999999999999999,9.09090909090909e-05,5.893033837084436e-05,0.1090643133003305,0.8518886679920477,0.0161290322580645,0.0689655172413793,0.0,0.0142976473562762,0.0,0.0,1
0.0,1.0,0.0,0.0,0.0,0.1543631684672344,0.56,0.0002050909090909,0.0002379312411722,0.0676546242256396,0.8419483101391649,0.1451612903225806,0.1034482758620689,0.0,0.0693228188198696,0.0,0.0,1
0.0,1.0,0.0,0.0,0.0,0.0224904236068365,0.94,0.0001363636363636,0.0001767910151125,0.044576472101936,0.7365805168986083,0.1774193548387097,0.1379310344827586,0.0,0.1049808453643221,0.0,0.16,1
0.0,1.0,0.0,0.0,0.0,0.123933917410608,0.4,0.0001090909090909,7.366292296355545e-05,0.0732425685666134,0.7107355864811132,0.032258064516129,0.0344827586206896,0.0,0.0320044038059637,0.0,0.0,1
0.0,1.0,0.0,0.0,0.0,0.1333682119885407,0.9,0.0001136363636363,1.473258459271109e-05,0.1358513270379096,0.820079522862823,0.0161290322580645,0.1034482758620689,0.0,0.0,0.0,0.0,1
0.0,1.0,0.0,0.0,0.0,0.0191139392315764,0.54,0.0002272727272727,0.0002946516918542,0.0385648311224823,0.8767395626242545,0.0483870967741935,0.0689655172413793,0.0,5.18471341656612e-05,0.0,0.0,1
0.0,1.0,0.0,0.0,0.0,0.0629600423450864,0.82,0.0001136363636363,0.0001031280921489,0.1090788144298366,0.8101391650099403,0.1612903225806451,0.1034482758620689,0.0,0.043689211635521,0.0,0.0,1
1.0,0.0,0.0,1.0,0.0,0.0221253193275047,0.44,0.0002272727272727,0.0002946516918542,0.0332450258489224,0.7365805168986083,0.3709677419354839,0.1724137931034483,0.0,0.14210595377924,0.0,0.24,1
0.0,1.0,0.0,0.0,0.0,0.0518155993227636,0.52,0.0002545454545454,0.0001473258459271,0.0232484744811759,0.7773359840954274,0.2096774193548387,0.1724137931034483,0.0,0.0539728666664533,0.0,0.12,1
1.0,1.0,0.0,0.0,0.0,0.239508407241636,0.3399999999999999,0.000191909090909,0.0002896426130927,0.4060152794446753,0.8161033797216699,0.0967741935483871,0.2413793103448275,0.0,0.0164188992405355,0.1538461538461538,0.0,1
0.0,1.0,0.0,0.0,0.0,0.0215271908929323,0.32,0.0001045454545454,7.366292296355545e-05,0.0424661622734396,0.7604373757455268,0.064516129032258,0.1034482758620689,0.0,0.000107534796788,0.0769230769230769,0.08,1
1.0,1.0,0.0,0.0,0.0,0.0363819112268514,0.2199999999999999,0.0001590909090909,0.0001473258459271,0.0663843252809,0.7743538767395626,0.0161290322580645,0.0,0.0,0.0087071180994504,0.0,0.0,0
0.0,1.0,0.0,0.0,0.0,0.0101937114789428,0.98,4.772727272727273e-05,4.419775377813327e-05,0.0169763404844115,0.8846918489065606,0.0483870967741935,0.0344827586206896,0.0,0.0,0.0769230769230769,0.08,1
0.0,1.0,0.0,0.0,0.0,0.0384060493514667,0.4599999999999999,7.272727272727273e-05,8.839550755626654e-05,0.0341920814341248,0.7882703777335983,0.1129032258064516,0.1379310344827586,0.0,0.0020937280969861,0.0,0.08,1
0.0,0.0,0.0,1.0,0.0,0.0443684943163778,0.52,9.09090909090909e-05,0.0001325932613343,0.0384641141866395,0.7952286282306162,0.0806451612903225,0.1379310344827586,0.0,0.0140576143277314,0.0769230769230769,0.04,1
0.0,1.0,0.0,0.0,0.0,0.014852442083216,0.56,4.545454545454545e-05,1.959433750830575e-05,0.0067235146097561,0.8111332007952285,0.0483870967741935,0.1034482758620689,0.0,0.0034334324403037,0.1538461538461538,0.0,1
0.0,1.0,0.0,0.0,0.0,0.0350734066980687,0.9,6.363636363636364e-05,7.366292296355545e-05,0.0310384812518851,0.8300198807157058,0.0161290322580645,0.0,0.0,0.0031146685783963,0.0,0.0,1
1.0,1.0,0.0,0.0,0.0,0.0359467069258879,0.82,0.0001363636363636,6.62966306671999e-05,0.0273185460482049,0.8091451292246521,0.0483870967741935,0.0689655172413793,0.0,0.0001952268632163,0.0,0.04,0
0.0,1.0,0.0,0.0,0.0,0.0496541819891196,0.64,0.0004090909090909,0.0005893033837084,0.0875087797747737,0.7992047713717694,0.2096774193548387,0.1034482758620689,0.0,0.1149879823463708,0.1538461538461538,0.0,1
1.0,0.0,0.0,1.0,0.0,0.0176269133143716,0.62,0.0001818181818181,0.0002209887688906,0.1063141081752622,0.7276341948310139,0.1451612903225806,0.1724137931034483,0.0,0.1676691512752154,0.0,0.04,0
1.0,0.0,0.0,1.0,0.0,0.0126296872306443,0.6,0.0001818181818181,0.0002946516918542,0.0312794636585875,0.7524850894632207,0.1774193548387097,0.1034482758620689,0.0,0.0560525128257648,0.0769230769230769,0.16,1
1.0,1.0,0.0,0.0,0.0,0.0350500108158491,0.7799999999999999,0.0001363636363636,8.839550755626654e-05,0.0642394763984889,0.856858846918489,0.1129032258064516,0.0689655172413793,0.0,0.0257212992507769,0.0,0.0,1
0.0,1.0,0.0,0.0,0.0,0.0705323050984271,0.18,5e-05,0.0005893033837084,0.0533348906667566,0.8598409542743538,0.1290322580645161,0.0344827586206896,0.0,0.0227205663499297,0.0769230769230769,0.0,1
0.0,1.0,0.0,0.0,0.0,0.0358386360592057,0.48,0.0001181818181818,8.839550755626654e-05,0.01492482614464,0.8469184890656063,0.0483870967741935,0.0,0.0,0.0013864307728743,0.0,0.0,1
0.0,1.0,0.0,0.0,0.0,0.113462726679373,0.7999999999999999,0.0001545454545454,0.0001473258459271,0.085628642420075,0.8071570576540755,0.0967741935483871,0.1034482758620689,0.0,0.001154078801243,0.0,0.08,1
0.0,0.0,0.0,1.0,0.0,0.0840945562835118,0.44,0.0001363636363636,0.0002062561842979,0.0795357951153868,0.8011928429423458,0.0,0.0689655172413793,0.0,0.0092441519953145,0.0,0.0,1
0.0,1.0,0.0,0.0,0.0,0.0467333477544655,0.18,0.0001080909090909,0.0001166820699742,0.0232031254943566,0.7644135188866799,0.1290322580645161,0.0344827586206896,0.0,0.003171636417171,0.0769230769230769,0.12,1
0.0,1.0,0.0,0.0,0.0,0.0022519339865759,0.54,6.636363636363636e-05,7.719874326580611e-05,0.0117991735938122,0.7107355864811132,0.0806451612903225,0.1724137931034483,0.0,0.0032241236394127,0.0,0.16,0
1.0,1.0,0.0,0.0,0.0,0.0430881466296172,0.38,0.0002727272727272,2.504539380760885e-05,0.0376662884069006,0.7604373757455268,0.0806451612903225,0.1379310344827586,0.0,0.0011310356305027,0.0,0.04,0
